reduction -- vector examples,,,,,,,,,,,,,,,,
testing option 0,,,,,,,,,,,,,,,,
testing option 1,,,,,,,,,,,,,,,,
testing option 2,,,,,,,,,,,,,,,,
testing option 3,,,,,,,,,,,,,,,,
testing option 4,,,,,,,,,,,,,,,,
testing option 5,,,,,,,,,,,,,,,,
size, combine4, combine6_5, combine8,  combine8_2,  combine8_4,  combine8_8 ,,,,,,,,  combine8_2,  combine8_4,  combine8_8 
32000,79428,41088,78748,72088,88492,99832,2.482125,1.284,2.460875,2.25275,2.765375,3.11975,,0.257237564,0.1776634,0.189288174
64000,132228,70888,85682,77661,84736,82627,2.0660625,1.107625,1.33878125,1.213453125,1.324,1.291046875,,,,
96000,200373,101772,97708,83656,89260,106089,2.08721875,1.060125,1.017791667,0.871416667,0.929791667,1.10509375,,,,
128000,291626,135772,109658,89649,93547,93448,2.278328125,1.06071875,0.856703125,0.700382813,0.730835938,0.7300625,,,,
160000,387818,165825,121658,95659,98095,114916,2.4238625,1.03640625,0.7603625,0.59786875,0.61309375,0.718225,,,,
192000,491517,200774,133684,101649,104757,98764,2.559984375,1.045697917,0.696270833,0.529421875,0.545609375,0.514395833,,,,
224000,581947,230846,145670,107608,106528,124905,2.597977679,1.0305625,0.6503125,0.480392857,0.475571429,0.557611607,,,,
256000,674954,262804,157730,113716,110913,106917,2.636539063,1.026578125,0.616132813,0.444203125,0.433253906,0.417644531,,,,
288000,770925,295788,169677,119685,115308,140599,2.676822917,1.027041667,0.58915625,0.415572917,0.400375,0.488190972,,,,
320000,873775,331276,181663,125649,119649,114964,2.730546875,1.0352375,0.567696875,0.392653125,0.373903125,0.3592625,,,,
352000,965947,360782,193675,130768,124020,175821,2.744167614,1.024948864,0.550213068,0.3715,0.352329545,0.499491477,,,,
384000,1063720,390782,205687,137760,128392,122793,2.770104167,1.017661458,0.535643229,0.35875,0.334354167,0.319773438,,,,
416000,1154908,422798,217675,143683,132765,199725,2.776221154,1.016341346,0.523257212,0.345391827,0.319146635,0.480108173,,,,
448000,1255701,455788,237146,149659,137128,130795,2.802904018,1.017383929,0.52934375,0.334060268,0.306089286,0.291953125,,,,
480000,1346448,485764,241680,155709,141494,207763,2.8051,1.012008333,0.5035,0.32439375,0.294779167,0.432839583,,,,
512000,1449024,525225,253687,161760,145833,144760,2.830125,1.025830078,0.495482422,0.3159375,0.284830078,0.282734375,,,,
544000,1538918,550778,265694,167709,150242,215745,2.828893382,1.012459559,0.488408088,0.308288603,0.276180147,0.396590074,,,,
576000,1641432,582789,277692,178744,154581,146930,2.849708333,1.011786458,0.482104167,0.310319444,0.268369792,0.255086806,,,,
608000,1738346,615780,289699,179697,159031,223718,2.859121711,1.012796053,0.476478618,0.295554276,0.261564145,0.367957237,,,,
640000,1834036,650258,301694,185733,170145,154888,2.86568125,1.016028125,0.471396875,0.290207813,0.265851563,0.2420125,,,,
672000,1925916,680791,313692,191697,167690,231729,2.865946429,1.013081845,0.466803571,0.285263393,0.24953869,0.344834821,,,,
704000,2026588,710781,332076,197721,172032,162792,2.878676136,1.009632102,0.471698864,0.280853693,0.244363636,0.231238636,,,,
736000,2121852,746844,337716,203714,176397,239743,2.882951087,1.014733696,0.458853261,0.276785326,0.239669837,0.325737772,,,,
768000,2218384,775807,349725,209738,180765,170841,2.888520833,1.010165365,0.455371094,0.273096354,0.235371094,0.222449219,,,,
800000,2312428,805833,361689,215695,185138,247747,2.890535,1.00729125,0.45211125,0.26961875,0.2314225,0.30968375,,,,
832000,2410332,845148,373675,221731,189470,178900,2.897033654,1.015802885,0.449128606,0.266503606,0.227728365,0.215024038,,,,
864000,2506420,870782,385704,227697,193869,255756,2.900949074,1.007849537,0.446416667,0.263538194,0.224385417,0.296013889,,,,
896000,2600534,902774,397682,233709,198249,190881,2.902381696,1.007560268,0.443841518,0.260835938,0.221260045,0.21303683,,,,
928000,2697914,943341,416952,246655,202586,263743,2.907234914,1.01653125,0.449301724,0.265792026,0.218303879,0.284205819,,,,
960000,2797111,965798,421708,245767,206954,194788,2.913657292,1.006039583,0.439279167,0.256007292,0.215577083,0.202904167,,,,
992000,2894620,1000790,433706,251757,211308,271759,2.91796371,1.008860887,0.437203629,0.253787298,0.213012097,0.273950605,,,,
1024000,2986144,1034604,445694,257726,215676,202826,2.91615625,1.010355469,0.435248047,0.251685547,0.210621094,0.198072266,,,,
1056000,3082281,1062772,457689,263709,226236,279734,2.918826705,1.006412879,0.433417614,0.249724432,0.214238636,0.264899621,,,,
1088000,3180900,1101350,476680,269781,224491,210900,2.923621324,1.012270221,0.438125,0.247960478,0.20633364,0.193841912,,,,
1120000,3274305,1125808,481704,275680,228835,287743,2.923486607,1.005185714,0.430092857,0.246142857,0.204316964,0.256913393,,,,
1152000,3370404,1165173,493682,281683,233126,218884,2.925697917,1.011434896,0.428543403,0.244516493,0.202366319,0.190003472,,,,
1184000,3469228,1190781,505677,287702,237518,295735,2.930091216,1.005727196,0.427092061,0.242991554,0.200606419,0.249776182,,,,
1216000,3562070,1226412,517687,298548,241850,233169,2.929333882,1.0085625,0.425729441,0.245516447,0.198889803,0.191750822,,,,
1248000,3662203,1255802,534009,299731,246230,303756,2.934457532,1.006251603,0.427891827,0.240169071,0.197299679,0.243394231,,,,
1280000,3754327,1290235,541732,305676,250646,234842,2.933067969,1.007996094,0.423228125,0.238809375,0.195817188,0.183470313,,,,
1312000,3853459,1320787,553706,311772,254947,311755,2.937087652,1.006697409,0.422032012,0.237631098,0.19431936,0.23761814,,,,
1344000,3949960,1354660,565692,317721,259375,242935,2.938958333,1.007931548,0.420901786,0.236399554,0.192987351,0.180755208,,,,
1376000,4042377,1386876,585086,323719,269858,319747,2.937773983,1.00790407,0.425207849,0.235260901,0.196117733,0.232374273,,,,
1408000,4139743,1415803,589699,329740,268092,250795,2.940158381,1.005541903,0.418820313,0.234190341,0.19040625,0.178121449,,,,
1440000,4238020,1450209,601713,335716,272419,327746,2.943069444,1.007089583,0.41785625,0.233136111,0.189179861,0.227601389,,,,
1472000,4334296,1480785,613701,350496,276789,264811,2.944494565,1.005968071,0.41691644,0.238108696,0.188036005,0.179898777,,,,
1504000,4426053,1515184,629680,347692,281116,335712,2.942854388,1.00743617,0.418670213,0.231178191,0.186912234,0.223212766,,,,
1536000,4524384,1546850,637716,353700,285583,266863,2.9455625,1.007063802,0.415179688,0.230273438,0.185926432,0.173738932,,,,
1568000,4622145,1575792,649720,359676,289867,343740,2.947796556,1.004969388,0.414362245,0.229385204,0.184864158,0.219221939,,,,
1600000,4718037,1610181,661684,365688,294218,274922,2.948773125,1.006363125,0.4135525,0.228555,0.18388625,0.17182625,,,,
1632000,4815254,1645718,678002,371692,305700,351751,2.950523284,1.008405637,0.415442402,0.227752451,0.187316176,0.215533701,,,,
1664000,4908196,1670803,685720,384902,303000,282792,2.949637019,1.004088341,0.412091346,0.231311298,0.182091346,0.169947115,,,,
1696000,5006073,1705792,697696,383707,307344,359745,2.951693986,1.005773585,0.411377358,0.226242335,0.181216981,0.212113797,,,,
1728000,5102044,1740170,715932,389707,311676,296508,2.952571759,1.007042824,0.4143125,0.225524884,0.180368056,0.171590278,,,,
1760000,5204457,1769762,721848,395714,316056,367747,2.957077841,1.005546591,0.410140909,0.2248375,0.179577273,0.208947159,,,,
1792000,5295060,1800804,733718,401712,320412,298826,2.954832589,1.004912946,0.409440848,0.224169643,0.178801339,0.16675558,,,,
1824000,5390510,1835152,745699,407688,324792,375739,2.955323465,1.006114035,0.408826206,0.223513158,0.178065789,0.205997259,,,,
1856000,5486004,1867262,763809,421262,329136,306895,2.955821121,1.006067888,0.411535022,0.22697306,0.177336207,0.165352909,,,,
1888000,5585956,1899885,769720,419704,339314,383760,2.958663136,1.006295021,0.407690678,0.222300847,0.179721398,0.203262712,,,,
1920000,5678616,1925798,781720,425688,337867,315108,2.9576125,1.003019792,0.407145833,0.2217125,0.175972396,0.16411875,,,,
1952000,5775016,1964695,797472,431692,342240,399252,2.958512295,1.006503586,0.408540984,0.221153689,0.175327869,0.204534836,,,,
1984000,5876937,1997894,805704,437762,346610,322843,2.962165827,1.007003024,0.406100806,0.220646169,0.174702621,0.162723286,,,,
2016000,5965968,2027510,817696,443704,350959,399801,2.959309524,1.005709325,0.405603175,0.22009127,0.174086806,0.198313988,,,,
2048000,6065976,2060256,833515,520828,355327,330895,2.961902344,1.005984375,0.406989746,0.254310547,0.173499512,0.161569824,,,,
2080000,6162559,2090198,841713,455750,367312,407760,2.96276875,1.004902885,0.404669712,0.219110577,0.176592308,0.196038462,,,,
2112000,6256701,2127588,853704,461736,364056,338956,2.962453125,1.007380682,0.404215909,0.218625,0.172375,0.16049053,,,,
2144000,6353887,2150808,869438,467721,368402,422301,2.963566698,1.003175373,0.405521455,0.218153451,0.171829291,0.19696875,,,,
2176000,6446097,2186649,877725,473721,372777,346891,2.962360754,1.004893842,0.403366268,0.217702665,0.17131296,0.15941682,,,,
2208000,6546952,2220192,893997,487286,377140,423770,2.965105072,1.005521739,0.404889946,0.220691123,0.170806159,0.191924819,,,,
2240000,6642055,2250165,901704,485736,381511,356068,2.965203125,1.004537946,0.402546429,0.216846429,0.170317411,0.158958929,,,,
2272000,6737988,2285265,913699,491757,385864,431767,2.965663732,1.005838468,0.40215625,0.216442342,0.169834507,0.190038292,,,,
2304000,6833959,2315251,929983,497721,396624,362836,2.966128038,1.004883247,0.403638455,0.21602474,0.172145833,0.157480903,,,,
2336000,6930530,2347209,937728,503728,394648,439780,2.966836473,1.004798373,0.401424658,0.215636986,0.168941781,0.188261986,,,,
2368000,7020571,2380195,953709,514015,417348,370896,2.964768159,1.005149916,0.402748733,0.217067145,0.176244932,0.156628378,,,,
2400000,7122007,2410236,961728,515733,385824,447765,2.967502917,1.004265,0.40072,0.21488875,0.16076,0.18656875,,,,
2432000,7217575,2445264,973706,521757,389976,378801,2.967752878,1.005453947,0.400372533,0.21453824,0.160351974,0.15575699,,,,
2464000,7314969,2475175,990031,527726,394152,455820,2.968737419,1.004535308,0.401798295,0.214174513,0.159964286,0.184991883,,,,
2496000,7417051,2507268,997708,540614,405477,386805,2.97157492,1.004514423,0.399722756,0.216592147,0.162450721,0.154969952,,,,
2528000,7505947,2540232,1013724,539736,402504,471338,2.969124604,1.004838608,0.400998418,0.213503165,0.159218354,0.186446994,,,,
2560000,7603034,2570198,1021704,545774,406696,394855,2.969935156,1.003983594,0.399103125,0.213192969,0.158865625,0.154240234,,,,
2592000,7697145,2604708,1033720,551733,410829,471765,2.969577546,1.004902778,0.398811728,0.212859954,0.158498843,0.182008102,,,,
2624000,7793008,2638557,1049510,557764,415029,402933,2.969896341,1.005547637,0.399965701,0.2125625,0.15816654,0.153556784,,,,
2656000,7894528,2666918,1057723,568017,419212,479923,2.972337349,1.004110693,0.398239081,0.213861822,0.157835843,0.180693901,,,,
2688000,7985863,2699834,1074175,569743,429854,410887,2.970931176,1.00440253,0.399618676,0.211957961,0.159915923,0.152859747,,,,
2720000,8081875,2731096,1081716,575767,427528,494037,2.971277574,1.004079412,0.397689706,0.211679044,0.157179412,0.18163125,,,,
2752000,8190768,2765251,1098016,581738,431688,418836,2.976296512,1.004815044,0.398988372,0.211387355,0.156863372,0.152193314,,,,
2784000,8283074,2795210,1105696,592339,435873,495969,2.975242098,1.00402658,0.39716092,0.212765445,0.156563578,0.178149784,,,,
2816000,8383437,2826708,1122772,593738,440056,428085,2.977072798,1.003802557,0.398711648,0.21084446,0.156269886,0.152018821,,,,
2848000,8475048,2863663,1129713,599755,450016,504026,2.975789326,1.005499649,0.39666889,0.210588132,0.158011236,0.176975421,,,,
2880000,8567608,2892712,1145752,605726,448459,442056,2.974863889,1.004413889,0.397830556,0.210321528,0.155714931,0.153491667,,,,
2912000,8657001,2927745,1153725,619164,452584,511970,2.972871223,1.005406937,0.396196772,0.212625,0.15542033,0.175813874,,,,
2944000,8757552,2955172,1169740,617736,456753,444163,2.974711957,1.003794837,0.397330163,0.209828804,0.155147079,0.150870584,,,,
2976000,8857070,2987306,1177696,623738,460929,519859,2.976165995,1.003799059,0.395731183,0.209589382,0.154882056,0.174683804,,,,
3008000,8945251,3024480,1193628,632299,471264,452092,2.973820146,1.005478723,0.396817819,0.210205785,0.156670213,0.150296543,,,,
3040000,9046012,3050169,1201694,640048,469264,533625,2.975661842,1.003345066,0.395294079,0.210542105,0.154363158,0.175534539,,,,
3072000,9140733,3085286,1217683,641738,473421,460315,2.975499023,1.00432487,0.396381185,0.208899089,0.154108398,0.149842122,,,,
3104000,9237662,3118581,1225730,647733,477640,535953,2.976050902,1.004697487,0.394887242,0.208676869,0.153878866,0.172665271,,,,
3136000,9333736,3146968,1241728,660600,481776,468180,2.976318878,1.003497449,0.395959184,0.21065051,0.153627551,0.149292092,,,,
3168000,9433521,3180292,1249723,659743,494157,544017,2.977752841,1.003880051,0.39448327,0.20825221,0.155983902,0.171722538,,,,
3200000,9526077,3214024,1265678,665772,490137,482565,2.976899063,1.0043825,0.395524375,0.20805375,0.153167813,0.150801563,,,,
3232000,9621556,3245236,1273716,671745,494323,551884,2.976966584,1.004095297,0.394095297,0.207841894,0.152946473,0.170756188,,,,
3264000,9717585,3276048,1289966,683066,498489,484082,2.977201287,1.003691176,0.395210172,0.209272672,0.152723346,0.148309436,,,,
3296000,9814010,3310524,1297730,683731,502646,559893,2.977551578,1.004406553,0.393728762,0.207442658,0.15250182,0.169870449,,,,
3328000,9909168,3340202,1314062,689724,512553,497776,2.977514423,1.003666466,0.394850361,0.207248798,0.15401232,0.149572115,,,,
3360000,10007488,3370274,1321716,700620,511008,568152,2.978419048,1.003057738,0.393367857,0.208517857,0.152085714,0.169092857,,,,
3392000,10102183,3408897,1338043,701733,515181,500128,2.978237913,1.004981427,0.394470224,0.206878833,0.151881191,0.147443396,,,,
3424000,10200854,3435472,1345725,707719,519345,576093,2.979221379,1.003350467,0.393027161,0.206693633,0.151677862,0.16825146,,,,
3456000,10294096,3470623,1361472,713740,523567,508113,2.978615741,1.004231192,0.393944444,0.206521991,0.151495081,0.147023438,,,,
3488000,10388664,3500258,1373666,727221,534098,592843,2.978401376,1.003514335,0.393826261,0.208492259,0.153124427,0.169966456,,,,
3520000,10489730,3534844,1381723,725724,531878,516885,2.980036932,1.004217045,0.392534943,0.206171591,0.151101705,0.14684233,,,,
3552000,10581201,3567230,1398064,731757,536054,591919,2.978941723,1.004287725,0.393599099,0.206012669,0.150916104,0.166643863,,,,
3584000,10676824,3599176,1405706,742924,540213,524258,2.979024554,1.004234375,0.392217076,0.207289063,0.150729074,0.146277344,,,,
3616000,10777696,3626858,1422012,743745,552091,609098,2.980557522,1.003002765,0.393255531,0.205681692,0.152680033,0.168445243,,,,
3648000,10868618,3663532,1434516,749719,548580,532113,2.979336075,1.004257675,0.393233553,0.205515077,0.150378289,0.145864309,,,,
3680000,10972576,3690158,1441728,760713,552777,608116,2.981678261,1.002760326,0.391773913,0.206715489,0.150211141,0.165248913,,,,
3712000,11064264,3730022,1458060,761757,556941,540194,2.980674569,1.004855065,0.392796336,0.205214709,0.150037985,0.145526401,,,,
3744000,11157535,3755198,1465720,767743,561153,619951,2.980110844,1.002990919,0.391485043,0.205059562,0.149880609,0.165585203,,,,
3776000,11257032,3791030,1482072,781051,571958,548289,2.981205508,1.003980403,0.392497881,0.206846133,0.151471928,0.145203655,,,,
3808000,11353195,3824181,1493692,779757,569484,623904,2.98140625,1.004249212,0.39225105,0.20476812,0.14954937,0.163840336,,,,
3840000,11444920,3850308,1501728,785764,573640,556104,2.980447917,1.002684375,0.391075,0.204626042,0.149385417,0.14481875,,,,
3872000,11544350,3889164,1518024,796651,577821,638575,2.981495351,1.004432851,0.392051653,0.205746643,0.14923063,0.164921229,,,,
3904000,11641094,3915240,1525756,797776,588105,564691,2.981837602,1.002879098,0.390818648,0.204348361,0.15064165,0.144644211,,,,
3936000,11737087,3951748,1541529,803760,586197,640106,2.981983486,1.004001016,0.391648628,0.204207317,0.148932165,0.162628557,,,,
3968000,11833617,3983731,1554088,814029,604994,572090,2.982262349,1.003964466,0.391655242,0.205148438,0.152468246,0.144175907,,,,
4000000,11928338,4010188,1561742,815781,569755,653793,2.9820845,1.002547,0.3904355,0.20394525,0.14243875,0.16344825,,,,
4032000,12025260,4051550,1577606,824215,579811,580418,2.982455357,1.00484871,0.391271329,0.204418403,0.143802331,0.143952877,,,,
4064000,12122784,4078634,1590069,836522,577766,655819,2.982968504,1.003600886,0.391257136,0.205837106,0.142166831,0.161372785,,,,
4096000,12217440,4107235,1597747,833774,581738,588835,2.982773438,1.00274292,0.390074951,0.203558105,0.142025879,0.143758545,,,,
4128000,12312309,4143912,1613584,839745,585751,669931,2.982632994,1.003854651,0.390887597,0.203426599,0.141897045,0.162289486,,,,
4160000,12409531,4173624,1626878,852775,596664,596251,2.983060337,1.003275,0.391076442,0.20499399,0.143428846,0.143329567,,,,
4192000,12508046,4209182,1633735,851781,593738,672148,2.983789599,1.00409876,0.389726861,0.203192032,0.141635973,0.160340649,,,,
4224000,12600472,4235256,1649515,857776,597739,604125,2.983066288,1.002664773,0.39051018,0.20307197,0.14151018,0.143022017,,,,
4256000,12696561,4270944,1665252,868507,601742,686798,2.983214521,1.003511278,0.391271617,0.204066494,0.141386748,0.161371711,,,,
4288000,12792626,4303879,1673712,869752,611388,612744,2.983354944,1.003703125,0.390324627,0.202833955,0.142581157,0.142897388,,,,
4320000,12896942,4337596,1681752,875743,609748,687847,2.985403241,1.004073148,0.389294444,0.202718287,0.14114537,0.159223843,,,,
4352000,12984496,4369207,1698048,887750,613754,627326,2.983569853,1.003953814,0.390176471,0.203986673,0.141028033,0.144146599,,,,
4384000,13084776,4399953,1710091,887764,617755,696165,2.984666058,1.003638914,0.390075502,0.202500912,0.140911268,0.158796761,,,,
4416000,13180500,4427208,1717747,898603,630259,628142,2.984714674,1.002538043,0.388982563,0.203487998,0.142721694,0.142242301,,,,
4448000,13277284,4463911,1736140,899762,625742,704167,2.985000899,1.003577113,0.390319245,0.202284622,0.140679406,0.158310926,,,,
4480000,13368518,4494031,1746012,905745,629731,645770,2.984044196,1.00313192,0.389734821,0.202175223,0.140564955,0.144145089,,,,
4512000,13468903,4530324,1757702,918573,633739,712063,2.985129211,1.00406117,0.389561613,0.203584441,0.140456339,0.157815381,,,,
4544000,13564454,4559167,1765744,917752,643543,644143,2.985135123,1.003337808,0.388588028,0.20197007,0.14162478,0.141756822,,,,
4576000,13657444,4591267,1782120,923767,641762,725899,2.984581294,1.00333632,0.389449301,0.201872159,0.140245192,0.158631774,,,,
4608000,13756094,4624272,1795063,934646,645748,652082,2.985263455,1.00353125,0.389553602,0.202831163,0.140136285,0.141510851,,,,
4640000,13855408,4656482,1805685,935762,655927,728184,2.98607931,1.003552155,0.38915625,0.201672845,0.141363578,0.156936207,,,,
4672000,13948233,4690176,1813737,946744,653803,660134,2.985495077,1.003890411,0.388214255,0.202642123,0.139940711,0.141295805,,,,
4704000,14040556,4719069,1830182,947757,657763,742423,2.984812075,1.003203444,0.389069303,0.201478954,0.13983057,0.157828019,,,,
4736000,14140951,4751155,1842069,953757,661744,668227,2.985842694,1.003199958,0.38895038,0.201384502,0.139726351,0.141095228,,,,
4768000,14236101,4784114,1853762,967483,672976,744105,2.985759438,1.003379614,0.388792366,0.202911703,0.141144295,0.15606229,,,,
4800000,14333064,4814025,1861742,965755,669763,683731,2.986055,1.002921875,0.387862917,0.201198958,0.139533958,0.142443958,,,,
4832000,14428562,4849987,1878076,976944,673764,751956,2.98604346,1.003722475,0.388674669,0.202182119,0.139437914,0.155620033,,,,
4864000,14525376,4881667,1890067,977776,683635,685027,2.986302632,1.003632196,0.388582854,0.201023026,0.140549959,0.140836143,,,,
4896000,14623524,4911086,1902057,983764,681753,760156,2.986830882,1.003081291,0.388492034,0.20093219,0.139246936,0.155260621,,,,
4928000,14716420,4944264,1913750,994260,685752,698356,2.986286526,1.003300325,0.388342127,0.201757305,0.139154221,0.141711851,,,,
4960000,14822496,4975972,1921742,995748,689752,768180,2.988406452,1.003220161,0.387447984,0.200755645,0.139062903,0.154875,,,,
4992000,14912716,5010196,1937560,1008955,699804,700096,2.987322917,1.003645032,0.388133013,0.202114383,0.140185096,0.14024359,,,,
5024000,15008916,5039520,1950967,1007755,697768,783477,2.987443471,1.003089172,0.388329419,0.200588177,0.138886943,0.155946855,,,,
5056000,15102103,5070672,1962052,1021243,701760,708888,2.986966574,1.002901899,0.388064082,0.201986353,0.138797468,0.140207278,,,,
5088000,15201300,5104000,1973752,1019772,715375,783873,2.987676887,1.003144654,0.387922956,0.200426887,0.140600432,0.15406309,,,,
5120000,15293296,5134125,1981747,1025736,709752,723799,2.986971875,1.002758789,0.387059961,0.200339063,0.138623438,0.141366992,,,,
5152000,15392181,5173670,1997882,1036639,713740,792177,2.987612772,1.004206134,0.387787655,0.201210986,0.138536491,0.153761064,,,,
5184000,15491241,5199264,2010100,1037786,717768,724377,2.988279514,1.002944444,0.387750772,0.200190201,0.138458333,0.139733218,,,,
5216000,15580387,5231143,2022072,1050127,728997,806337,2.987037385,1.002903183,0.387667178,0.201328029,0.139761695,0.154589149,,,,
5248000,15680452,5264625,2034165,1049772,725745,732708,2.987891006,1.003167873,0.38760766,0.200032774,0.138289825,0.139616616,,,,
5280000,15776990,5295957,2045822,1060432,729744,808096,2.988066288,1.003022159,0.387466288,0.200839394,0.138209091,0.153048485,,,,
5312000,15868543,5334038,2053754,1061767,739588,746085,2.987301017,1.00414872,0.386625377,0.199880836,0.139229669,0.140452748,,,,
5344000,15969355,5359200,2069572,1074760,737769,815959,2.988277507,1.002844311,0.38727021,0.201115269,0.138055576,0.152686939,,,,
5376000,16068756,5391105,2081635,1073793,741760,748392,2.988979911,1.00280971,0.387208891,0.199738281,0.13797619,0.139209821,,,,
5408000,16156483,5424496,2094096,1079844,753794,831561,2.987515348,1.003050296,0.387221893,0.199675296,0.139384985,0.153764978,,,,
5440000,16257009,5458816,2106163,1090970,749764,756780,2.988420772,1.003458824,0.387162316,0.200545956,0.137824265,0.139113971,,,,
5472000,16352983,5489200,2118290,1091750,753763,832204,2.988483735,1.003143275,0.387114401,0.199515716,0.137749086,0.152084064,,,,
5504000,16448203,5519162,2130331,1102524,764491,772360,2.988408975,1.002754724,0.387051417,0.200313227,0.138897347,0.140327035,,,,
5536000,16545220,5550744,2142153,1103745,761755,840112,2.988659682,1.002663295,0.386949603,0.199375903,0.137600253,0.151754335,,,,
5568000,16641400,5587972,2154040,1116220,765760,772411,2.988757184,1.003586925,0.386860632,0.200470546,0.137528736,0.13872324,,,,
5600000,16736241,5617826,2161740,1116021,775785,853977,2.988614464,1.003183214,0.386025,0.199289464,0.138533036,0.152495893,,,,
5632000,16835428,5649096,2178134,1128086,773743,780722,2.989245028,1.003035511,0.386742543,0.200299361,0.137383345,0.138622514,,,,
5664000,16933442,5682900,2190216,1127776,777748,856221,2.98966137,1.003336864,0.386690678,0.199112994,0.137314266,0.151168962,,,,
5696000,17025547,5710896,2204116,1140885,781768,793920,2.989035639,1.002615169,0.386958567,0.200295822,0.137248596,0.139382022,,,,
5728000,17121604,5749041,2214139,1139769,791049,864244,2.989106844,1.003673359,0.386546613,0.198982018,0.13810213,0.150880587,,,,
5760000,17217364,5774577,2226266,1152220,789753,796094,2.989125694,1.002530729,0.386504514,0.200038194,0.137109896,0.138210764,,,,
5792000,17312635,5809132,2239159,1151764,793756,877665,2.98905991,1.002957873,0.386595131,0.198854282,0.137043508,0.151530559,,,,
5824000,17409187,5843066,2250141,1165048,802636,804739,2.989214801,1.003273695,0.386356628,0.200042582,0.137815247,0.138176339,,,,
5856000,17515742,5871866,2262132,1163788,801751,880029,2.991076161,1.002709358,0.386293033,0.19873429,0.136911031,0.150278176,,,,
5888000,17604105,5908171,2274172,1169784,805783,820185,2.989827615,1.003425781,0.386238451,0.198672554,0.136851732,0.139297724,,,,
5920000,17697312,5934585,2286163,1175786,815904,888273,2.989410811,1.002463682,0.386176182,0.1986125,0.137821622,0.150046115,,,,
5952000,17797135,5973079,2298136,1181764,813770,820384,2.990110047,1.003541499,0.386111559,0.198549059,0.13672211,0.137833333,,,,
5984000,17889465,5999397,2310201,1192903,825511,902548,2.989549632,1.002573028,0.386063001,0.199348763,0.137953041,0.150826872,,,,
6016000,17988655,6035016,2322242,1193743,821769,828729,2.990135472,1.003160904,0.386010971,0.198428025,0.136597241,0.137754156,,,,
6048000,18081307,6064564,2334103,1207394,825751,918331,2.989634094,1.002738757,0.385929729,0.199635251,0.136532903,0.151840443,,,,
6080000,18183504,6098016,2346127,1208306,835701,836157,2.990707895,1.002963158,0.385876151,0.198734539,0.137450822,0.137525822,,,,
6112000,18277464,6129141,2359089,1216857,833937,921789,2.990422775,1.002804483,0.385976603,0.199093096,0.136442572,0.150816263,,,,
6144000,18368486,6163041,2372407,1222221,837789,849290,2.989662435,1.003099121,0.386133952,0.198929199,0.136358887,0.138230794,,,,
6176000,18469468,6194971,2382163,1223853,847893,929791,2.990522668,1.003071729,0.385712921,0.198162727,0.137288374,0.150549061,,,,
6208000,18565660,6226593,2394252,1237264,845752,852585,2.990602448,1.002995006,0.385672036,0.199301546,0.136235825,0.137336501,,,,
6240000,18657422,6269498,2406216,1235743,849768,944090,2.989971474,1.004727244,0.385611538,0.198035737,0.136180769,0.151296474,,,,
6272000,18759631,6295795,2418194,1246792,861583,860224,2.991012596,1.003793846,0.38555389,0.19878699,0.137369739,0.137153061,,,,
6304000,18853622,6326455,2430187,1247755,857750,945777,2.99073953,1.003562024,0.385499207,0.197930679,0.136064404,0.150028077,,,,
6336000,18950443,6354727,2442220,1258413,861763,873662,2.990915878,1.00295565,0.385451389,0.198613163,0.136010574,0.137888573,,,,
6368000,19064354,6384612,2454252,1259736,871569,953796,2.993774183,1.002608668,0.385403894,0.197822864,0.136866991,0.149779523,,,,
6400000,19160896,6418178,2466218,1272583,869750,882357,2.99389,1.002840313,0.385346563,0.198841094,0.135898438,0.137868281,,,,
6432000,19255960,6453513,2479269,1271750,873794,961807,2.993774876,1.003344683,0.385458489,0.197722326,0.135851057,0.14953467,,,,
6464000,19352834,6479628,2490235,1285785,882369,884234,2.993940903,1.002417698,0.385246751,0.198914759,0.136505105,0.136793626,,,,
6496000,19450929,6516156,2502180,1283748,881764,974659,2.994293257,1.003102833,0.385187808,0.197621305,0.135739532,0.150039871,,,,
6528000,19544896,6548359,2514148,1295056,893714,892370,2.994009804,1.003118719,0.385132966,0.198384804,0.136904718,0.136698836,,,,
6560000,19644043,6578126,2526208,1295745,889778,985226,2.99451875,1.00276311,0.385092683,0.197522104,0.13563689,0.15018689,,,,
6592000,19740259,6609590,2538247,1306677,893762,900720,2.994578125,1.002668386,0.385049606,0.198221632,0.135582828,0.13663835,,,,
6624000,19832894,6644066,2550199,1307743,903744,985795,2.994096316,1.003029287,0.38499381,0.19742497,0.136434783,0.148821709,,,,
6656000,19928239,6674503,2562288,1320343,901776,914944,2.994026292,1.002779898,0.384959135,0.19836884,0.135483173,0.137461538,,,,
6688000,20032116,6708144,2574184,1326652,905774,993808,2.995232656,1.003011962,0.384895933,0.198363038,0.135432715,0.148595694,,,,
6720000,20121040,6734599,2586201,1325760,914438,921076,2.994202381,1.00217247,0.384851339,0.197285714,0.136077083,0.137064881,,,,
6752000,20216635,6774340,2599092,1337217,913766,1002067,2.994169876,1.003308649,0.384936611,0.198047541,0.135332642,0.148410397,,,,
6784000,20316700,6803244,2610285,1337736,925992,924535,2.99479658,1.002836675,0.384770784,0.197189858,0.136496462,0.136281692,,,,
6816000,20409115,6835144,2622249,1348802,921775,1017324,2.994295041,1.002808685,0.38471963,0.197887617,0.135236942,0.149255282,,,,
6848000,20592748,6870643,2640801,1349750,925802,932241,3.007118575,1.003306513,0.385630987,0.197101343,0.135193049,0.136133324,,,,
6880000,20621172,6898600,2646247,2191252,936096,1025486,2.997263372,1.002703488,0.384628924,0.31849593,0.136060465,0.149053198,,,,
6912000,20700943,6933597,2658338,2562504,933775,940442,2.994928096,1.003124566,0.384597512,0.370732639,0.135094763,0.136059317,,,,
6944000,20791051,6959625,2670165,2537253,943852,1025793,2.994102967,1.002250144,0.38452837,0.365387817,0.135923387,0.147723646,,,,
6976000,20886451,6995918,2682302,2546779,941757,954362,2.994044008,1.002855218,0.3845043,0.365077265,0.13499957,0.136806479,,,,
7008000,20984020,7030339,2694230,2567157,945770,1033800,2.994295091,1.003187643,0.384450628,0.366318065,0.134955765,0.147517123,,,,
7040000,21082024,7066236,2707058,2567947,957585,964432,2.994605682,1.003726705,0.384525284,0.364765199,0.136020597,0.136993182,,,,
7072000,21181322,7101151,2718304,2578802,953767,1041816,2.995096437,1.004122031,0.384375566,0.364649604,0.134865243,0.147315611,,,,
7104000,21275004,7127664,2734574,2602665,963019,964408,2.99479223,1.003331081,0.384934403,0.366366132,0.135560107,0.135755631,,,,
7136000,21370692,7154486,2742218,2601890,961970,1055481,2.994771861,1.002590527,0.384279428,0.36461463,0.134805213,0.147909333,,,,
7168000,21467618,7188458,2754259,2612649,965767,972765,2.994924386,1.002854074,0.384243722,0.364487863,0.134733119,0.135709403,,,,
7200000,21564525,7218612,2766225,2596387,977395,1062662,2.995072917,1.002585,0.384197917,0.360609306,0.135749306,0.147591944,,,,
7232000,21660271,7255956,2778235,2447332,973785,980246,2.995059596,1.0033125,0.384158601,0.338403208,0.134649475,0.135542865,,,,
7264000,21754413,7283620,2790240,2457004,983599,1070688,2.994825578,1.002700991,0.384118943,0.338243943,0.135407351,0.147396476,,,,
7296000,21851025,7315111,2802264,2466266,981787,988416,2.994932155,1.00261938,0.384082237,0.338029879,0.134565104,0.135473684,,,,
7328000,21946862,7349580,2818905,2477784,985780,1073764,2.994932041,1.002944869,0.384675901,0.338125546,0.13452238,0.14652893,,,,
7360000,22042639,7378569,2826307,2487962,995690,1001426,2.994923777,1.002522962,0.384009103,0.338038315,0.135283967,0.136063315,,,,
7392000,22139457,7419936,2838242,2497005,993804,1081797,2.995056412,1.003779221,0.38396131,0.337798295,0.134443182,0.146346997,,,,
7424000,22244923,7444663,2850156,2507649,1004872,1011722,2.996352775,1.00278327,0.383911099,0.337775997,0.135354526,0.136277209,,,,
7456000,22330394,7477598,2862285,2517564,1001769,1089801,2.994956277,1.002896727,0.383890156,0.337656116,0.13435743,0.146164297,,,,
7488000,22428768,7514409,2878509,2531265,1005763,1017064,2.995294872,1.003526843,0.384416266,0.338042869,0.13431664,0.135825855,,,,
7520000,32563694,7548283,2886208,2539372,1016400,1097812,4.330278457,1.003761037,0.383804255,0.337682447,0.135159574,0.145985638,,,,
7552000,42136008,7580628,2898374,2478436,1013791,1027848,5.579450212,1.003790784,0.38378893,0.328182733,0.134241393,0.136102754,,,,
7584000,37582965,7606915,2910292,2389370,1024051,1105790,4.955559731,1.003021493,0.383741034,0.315054061,0.135027822,0.145805643,,,,
7616000,34480665,7639716,2925448,2398108,1021783,1028220,4.527398241,1.003113971,0.384118697,0.314877626,0.134162684,0.135007878,,,,
7648000,31824530,7668933,2938644,2407665,1030720,1119403,4.161157165,1.002737055,0.384236925,0.314809754,0.134769874,0.146365455,,,,
7680000,29870575,7705339,2946268,2419286,1029787,1036360,3.889397786,1.003299349,0.383628646,0.315011198,0.134086849,0.134942708,,,,
7712000,28285538,7733354,2958232,2429978,1033783,1127397,3.66773055,1.002768932,0.383588174,0.315090508,0.134048626,0.14618737,,,,
7744000,26981786,7764535,2970309,2442765,1045807,1044890,3.484218233,1.00265173,0.383562629,0.315439695,0.135047392,0.134928977,,,,
7776000,25843764,7799078,2986528,2456476,1057740,1136145,3.323529321,1.00296785,0.384069959,0.315904835,0.136026235,0.146109182,,,,
7808000,24811164,7828795,2994398,2454393,1068048,1052359,3.177659324,1.002663294,0.383503842,0.314343366,0.136788934,0.134779585,,,,
7840000,23862012,7859568,3006240,2469801,1065748,1144586,3.04362398,1.002495918,0.38344898,0.315025638,0.135937245,0.145993112,,,,
7872000,23567416,7896240,3018230,2417572,1074796,1060543,2.993828252,1.003079268,0.383413364,0.307110264,0.136534045,0.13472345,,,,
7904000,23664832,7923806,3034682,2352583,1073755,1153485,2.994032389,1.00250582,0.383942561,0.29764461,0.13584957,0.145936867,,,,
7936000,23758154,7955875,3057943,2362939,1085544,1068955,2.993719002,1.00250441,0.385325479,0.29774937,0.136787298,0.134696951,,,,
7968000,23854682,7988008,3070190,2370842,1081773,1153792,2.993810492,1.002511044,0.38531501,0.297545432,0.135764684,0.144803213,,,,
8000000,23950209,8025859,3082267,2378299,1085731,1081552,2.993776125,1.003232375,0.385283375,0.297287375,0.135716375,0.135194,,,,
8032000,24046056,8055470,3098546,2389749,1095895,1161811,2.993781873,1.002922062,0.385775149,0.297528511,0.136441111,0.144647784,,,,
8064000,24144760,8088984,3106190,2397823,1093468,1091479,2.994141865,1.003098214,0.385192212,0.297349082,0.13559871,0.135352059,,,,
8096000,24237914,8118640,3118252,2408133,1104792,1169817,2.993813488,1.002796443,0.385159585,0.297447258,0.136461462,0.144493207,,,,
8128000,24334250,8151585,3136005,2419994,1101756,1100476,2.993879183,1.002901698,0.385827387,0.297735482,0.135550689,0.135393209,,,,
8160000,24430406,8185668,3144878,2427926,1111449,1177809,2.993922304,1.003145588,0.385401716,0.297539951,0.136206985,0.144339338,,,,
8192000,24573326,8224413,3154528,2365718,1109061,1106119,2.999673584,1.003956665,0.385074219,0.288783936,0.135383423,0.135024292,,,,
8224000,24646288,8259074,3170644,2292153,1121277,1185804,2.996873541,1.004264835,0.385535506,0.278715102,0.136342048,0.14418823,,,,
8256000,24739670,8287152,3178444,2308795,1117850,1113348,2.996568556,1.003773256,0.38498595,0.279650557,0.135398498,0.134853198,,,,
8288000,24831720,8323329,3190387,2316199,1127781,1193796,2.996105212,1.004262669,0.384940516,0.279464165,0.136073962,0.144039093,,,,
8320000,24931118,8350348,3206731,2324527,1125434,1122448,2.996528606,1.003647596,0.385424399,0.279390264,0.13526851,0.134909615,,,,
8352000,25023338,8387455,3214509,2334204,1135569,1201797,2.99608932,1.004245091,0.384878951,0.279478448,0.135963721,0.143893319,,,,
8384000,25125924,8420349,3226476,2347500,1134472,1132046,2.99688979,1.00433552,0.384837309,0.279997615,0.135313931,0.135024571,,,,
8416000,25214836,8454967,3242892,2359101,1145541,1209828,2.996059411,1.004630109,0.38532462,0.280311431,0.136114663,0.143753327,,,,
8448000,25315797,8480841,3250560,2371560,1149009,1139440,2.996661577,1.003887429,0.384772727,0.280724432,0.136009588,0.134876894,,,,
8480000,25407057,8515051,3262495,2379381,1160601,1217757,2.996115212,1.004133373,0.384728184,0.280587382,0.136863325,0.14360342,,,,
8512000,25507130,8547033,3280980,2392125,1159034,1147065,2.996608318,1.004115719,0.385453477,0.281029723,0.136164709,0.134758576,,,,
8544000,25607380,8578876,3286708,2324541,1162869,1226234,2.997118446,1.004081929,0.384680243,0.272067065,0.136103581,0.143519897,,,,
8576000,25695216,8607225,3298504,2295691,1172884,1154460,2.996177239,1.003640975,0.384620336,0.26768785,0.136763526,0.134615205,,,,
8608000,25798204,8645097,3314767,2283712,1172205,1234370,2.997003253,1.004309596,0.385079809,0.265301115,0.136176231,0.143398002,,,,
8640000,25933495,8674106,3323728,2291104,1177164,1162430,3.001561921,1.003947454,0.384690741,0.265174074,0.136245833,0.134540509,,,,
8672000,26017106,8708109,3339256,2299161,1175546,1242391,3.000127537,1.004163861,0.385061808,0.265124654,0.135556504,0.143264645,,,,
8704000,26086245,8756325,3346850,2309270,1184568,1173427,2.997041016,1.006011604,0.384518612,0.265311351,0.136094669,0.134814683,,,,
8736000,26179130,8775254,3384172,2315536,1184920,1250402,2.996695284,1.004493361,0.387382326,0.265056777,0.135636447,0.143132097,,,,
8768000,26270978,8816196,3378074,2326272,1194374,1180348,2.996233805,1.005496807,0.385273038,0.265313869,0.136219662,0.134619982,,,,
8800000,26373960,8848106,3384717,2332346,1192857,1258375,2.997040909,1.005466591,0.384626932,0.265039318,0.135551932,0.142997159,,,,
8832000,26469038,8880024,3403608,2339172,1204214,1190083,2.996947237,1.0054375,0.385372283,0.264851902,0.136346694,0.134746716,,,,
8864000,26566596,8903440,3410210,2331504,1201531,1266386,2.997134025,1.004449458,0.384725857,0.263030686,0.135551782,0.142868457,,,,
8896000,26658036,8933025,3425006,2233831,1212772,1195802,2.996631745,1.004161983,0.385005171,0.251105103,0.136327788,0.134420189,,,,
8928000,26754345,8966188,3432835,2240462,1209993,1274229,2.996678427,1.00427733,0.384502128,0.250947805,0.13552789,0.142722782,,,,
8960000,26853266,8992300,3444952,2248113,1224216,1204046,2.997016295,1.003604911,0.38448125,0.250905469,0.13663125,0.134380134,,,,
8992000,26946076,9031447,3461126,2256213,1221182,1282401,2.996672153,1.004386899,0.384911699,0.250913367,0.135807607,0.14261577,,,,
9024000,27042283,9063182,3468698,2262640,1230950,1211018,2.996706893,1.004341977,0.38438586,0.250735816,0.136408466,0.13419969,,,,
9056000,27143988,9093477,3485210,2269778,1228173,1290439,2.997348498,1.004138361,0.384850928,0.25063803,0.13561981,0.142495473,,,,
9088000,27234079,9128601,3493740,2280026,1240161,1221669,2.996707636,1.00446754,0.384434419,0.250883143,0.136461378,0.134426607,,,,
9120000,27336840,9152580,3509443,2279560,1243879,1298455,2.997460526,1.003572368,0.384807346,0.249951754,0.136390241,0.142374452,,,,
9152000,27430869,9191404,3516940,2294839,1240917,1227040,2.997254043,1.004305507,0.384281031,0.250747268,0.135589707,0.134073427,,,,
9184000,27523653,9217351,3533275,2300524,1250042,1306442,2.996913436,1.003631424,0.38472071,0.250492596,0.136110845,0.14225196,,,,
9216000,27621782,9252703,3540991,2308836,1248451,1235515,2.997155165,1.00398253,0.384222114,0.25052474,0.135465603,0.134061957,,,,
9248000,27722990,9284294,3557680,2265696,1260518,1319479,2.997728157,1.003924524,0.384697232,0.24499308,0.136301687,0.142677228,,,,
9280000,27811159,9312528,3565156,2209488,1257081,1238095,2.996892134,1.003505172,0.384176293,0.238091379,0.135461315,0.133415409,,,,
9312000,27914256,9348160,3582218,2217660,1266657,1327104,2.997664948,1.003883162,0.384688359,0.238150773,0.136024162,0.142515464,,,,
9344000,28012202,9373924,3589444,2223494,1264814,1245062,2.997881207,1.003202483,0.384144264,0.237959546,0.135361087,0.133247217,,,,
9376000,28106776,9408868,3605620,2229528,1274068,1338703,2.997736348,1.003505546,0.384558447,0.237790956,0.135886092,0.142779757,,,,
9408000,28198216,9443808,3612988,2238772,1270912,1253469,2.997259354,1.003806122,0.384033588,0.237964711,0.135088435,0.133234375,,,,
9440000,28297488,9472886,3629217,2245401,1280347,1344232,2.997615254,1.003483686,0.384450953,0.237860275,0.135629979,0.142397458,,,,
9472000,28385964,9507631,3637012,2253009,1278861,1262006,2.99682897,1.003761719,0.383975084,0.237859903,0.135014886,0.133235431,,,,
9504000,28486800,9539424,3654400,2260783,1291560,1351783,2.997348485,1.003727273,0.384511785,0.237876999,0.135896465,0.14223306,,,,
9536000,28585485,9569913,3661178,2265883,1287004,1268889,2.997638947,1.003556313,0.383932257,0.23761357,0.134962668,0.133063024,,,,
9568000,28677849,9602964,3677474,2289818,1298342,1361707,2.997266827,1.003654264,0.38435138,0.239320443,0.135696279,0.142318875,,,,
9600000,28777041,9633271,3684957,2172866,1295563,1277320,2.997608438,1.003465729,0.383849688,0.226340208,0.134954479,0.133054167,,,,
9632000,28869921,9676778,3701092,2172765,1306687,1369080,2.997292463,1.004648879,0.384249585,0.225577762,0.135661026,0.142138704,,,,
9664000,28968595,9700855,3709492,2185060,1310757,1291274,2.997578125,1.003813638,0.38384644,0.226103063,0.135632968,0.133616929,,,,
9696000,29062430,9742663,3726129,2194020,1307097,1370220,2.99736283,1.004812603,0.384295483,0.226280941,0.134807859,0.141318069,,,,
9728000,29161488,9769598,3736502,2201611,1322011,1300514,2.997685855,1.00427611,0.384097656,0.22631692,0.135897512,0.133687706,,,,
9760000,29256496,9798211,3750021,2207205,1316755,1378464,2.997591803,1.003915061,0.384223463,0.226148053,0.134913422,0.141236066,,,,
9792000,29352621,9828204,3760749,2214967,1324850,1306648,2.997612439,1.003697304,0.384063419,0.226201695,0.135299224,0.133440359,,,,
9824000,29445643,9858583,3767265,2222248,1306581,1386480,2.997317081,1.003520257,0.383475672,0.226206026,0.13299888,0.141131922,,,,
9856000,29545795,9890424,3783760,2228973,1317919,1319229,2.997747058,1.003492695,0.383904221,0.226153916,0.133717431,0.133850345,,,,
9888000,29640261,9922855,3795036,2235866,1314818,1400270,2.997599211,1.00352498,0.383802184,0.226119134,0.132971076,0.141613066,,,,
9920000,29736698,9956232,3811603,2243397,1324564,1317182,2.997651008,1.003652419,0.384234173,0.226148891,0.133524597,0.132780444,,,,
9952000,29833720,9987741,3815937,2186661,1328548,1409448,2.997761254,1.003591338,0.383434184,0.21972076,0.133495579,0.141624598,,,,
9984000,29927028,10020384,3833328,2134336,1327660,1325587,2.997498798,1.003644231,0.383947115,0.213775641,0.132978766,0.132771134,,,,
10016000,30026071,10062031,3832190,2132460,1338475,1415820,2.997810603,1.004595747,0.382606829,0.212905351,0.133633686,0.141355831,,,,
,,,,,,,,,,,,,,,,
Wakeup delay calculated 0.072973,,,,,,,,,,,,,,,,
