dot product examples,,,,,,,,,,,,
testing option 0,,,,,,,,,,,,
testing option 1,,,,,,,,,,,,
testing option 2,,,,,,,,,,,,
testing option 3,,,,,,,,,,,,
testing option 4,,,,,,,,,,,,
testing option 5,,,,,,,,,,,,
,,,,,,,,,,,,
Computed dot products:,,,,,,,,,,,,
size, dot4, dot5, dot6_2, dot6_5, dot8, dot8_2,,,,,,
32,5686.4,5686.4,5686.4,5686.4,5686.4,5689.3,,,,,,
64,39916,39916,39916,39916,39916,44126,,,,,,
96,1.38E+05,1.38E+05,1.38E+05,1.38E+05,1.38E+05,1.43E+05,,,,,,
128,3.24E+05,3.24E+05,3.24E+05,3.24E+05,3.24E+05,3.31E+05,,,,,,
160,6.76E+05,6.76E+05,6.76E+05,6.76E+05,6.76E+05,6.91E+05,,,,,,
192,1.20E+06,1.20E+06,1.20E+06,1.20E+06,1.20E+06,1.22E+06,,,,,,
224,1.83E+06,1.83E+06,1.83E+06,1.83E+06,1.83E+06,1.87E+06,,,,,,
256,2.64E+06,2.64E+06,2.64E+06,2.64E+06,2.64E+06,2.67E+06,,,,,,
288,3.82E+06,3.82E+06,3.82E+06,3.82E+06,3.82E+06,3.89E+06,,,,,,
320,5.36E+06,5.36E+06,5.36E+06,5.36E+06,5.36E+06,5.40E+06,,,,,,
352,7.16E+06,7.16E+06,7.16E+06,7.16E+06,7.16E+06,7.21E+06,,,,,,
384,9.27E+06,9.27E+06,9.27E+06,9.27E+06,9.27E+06,9.32E+06,,,,,,
416,1.19E+07,1.19E+07,1.19E+07,1.19E+07,1.19E+07,1.20E+07,,,,,,
448,1.48E+07,1.48E+07,1.48E+07,1.48E+07,1.48E+07,1.50E+07,,,,,,
480,1.85E+07,1.85E+07,1.85E+07,1.85E+07,1.85E+07,1.86E+07,,,,,,
512,2.27E+07,2.27E+07,2.27E+07,2.27E+07,2.27E+07,2.28E+07,,,,,,
544,2.74E+07,2.74E+07,2.74E+07,2.74E+07,2.74E+07,2.75E+07,,,,,,
576,3.32E+07,3.32E+07,3.32E+07,3.32E+07,3.32E+07,3.35E+07,,,,,,
608,3.92E+07,3.92E+07,3.92E+07,3.92E+07,3.92E+07,3.93E+07,,,,,,
640,4.49E+07,4.49E+07,4.49E+07,4.49E+07,4.49E+07,4.52E+07,,,,,,
672,5.18E+07,5.18E+07,5.18E+07,5.18E+07,5.18E+07,5.20E+07,,,,,,
704,6.00E+07,6.00E+07,6.00E+07,6.00E+07,6.00E+07,6.00E+07,,,,,,
736,6.85E+07,6.85E+07,6.85E+07,6.85E+07,6.85E+07,6.90E+07,,,,,,
768,7.71E+07,7.71E+07,7.71E+07,7.71E+07,7.71E+07,7.77E+07,,,,,,
800,8.84E+07,8.84E+07,8.84E+07,8.84E+07,8.84E+07,8.86E+07,,,,,,
832,9.84E+07,9.84E+07,9.84E+07,9.84E+07,9.84E+07,9.91E+07,,,,,,
864,1.11E+08,1.11E+08,1.11E+08,1.11E+08,1.11E+08,1.11E+08,,,,,,
896,1.20E+08,1.20E+08,1.20E+08,1.20E+08,1.20E+08,1.20E+08,,,,,,
928,1.33E+08,1.33E+08,1.33E+08,1.33E+08,1.33E+08,1.34E+08,,,,,,
960,1.50E+08,1.50E+08,1.50E+08,1.50E+08,1.50E+08,1.50E+08,,,,,,
992,1.65E+08,1.65E+08,1.65E+08,1.65E+08,1.65E+08,1.66E+08,,,,,,
1024,1.82E+08,1.82E+08,1.82E+08,1.82E+08,1.82E+08,1.82E+08,,,,,,
1056,1.98E+08,1.98E+08,1.98E+08,1.98E+08,1.98E+08,1.99E+08,,,,,,
1088,2.16E+08,2.16E+08,2.16E+08,2.16E+08,2.16E+08,2.17E+08,,,,,,
1120,2.38E+08,2.38E+08,2.38E+08,2.38E+08,2.38E+08,2.38E+08,,,,,,
1152,2.60E+08,2.60E+08,2.60E+08,2.60E+08,2.60E+08,2.61E+08,,,,,,
1184,2.83E+08,2.83E+08,2.83E+08,2.83E+08,2.83E+08,2.83E+08,,,,,,
1216,3.04E+08,3.04E+08,3.04E+08,3.04E+08,3.04E+08,3.04E+08,,,,,,
1248,3.29E+08,3.29E+08,3.29E+08,3.29E+08,3.29E+08,3.29E+08,,,,,,
1280,3.55E+08,3.55E+08,3.55E+08,3.55E+08,3.55E+08,3.57E+08,,,,,,
1312,3.81E+08,3.81E+08,3.81E+08,3.81E+08,3.81E+08,3.81E+08,,,,,,
1344,4.09E+08,4.09E+08,4.09E+08,4.09E+08,4.09E+08,4.10E+08,,,,,,
1376,4.44E+08,4.44E+08,4.44E+08,4.44E+08,4.44E+08,4.44E+08,,,,,,
1408,4.76E+08,4.76E+08,4.76E+08,4.76E+08,4.76E+08,4.76E+08,,,,,,
1440,5.08E+08,5.08E+08,5.08E+08,5.08E+08,5.08E+08,5.09E+08,,,,,,
1472,5.42E+08,5.42E+08,5.42E+08,5.42E+08,5.42E+08,5.44E+08,,,,,,
1504,5.81E+08,5.81E+08,5.81E+08,5.81E+08,5.81E+08,5.83E+08,,,,,,
1536,6.12E+08,6.12E+08,6.12E+08,6.12E+08,6.12E+08,6.13E+08,,,,,,
1568,6.48E+08,6.48E+08,6.48E+08,6.48E+08,6.48E+08,6.48E+08,,,,,,
1600,6.90E+08,6.90E+08,6.90E+08,6.90E+08,6.90E+08,6.90E+08,,,,,,
1632,7.27E+08,7.27E+08,7.27E+08,7.27E+08,7.27E+08,7.27E+08,,,,,,
1664,7.74E+08,7.74E+08,7.74E+08,7.74E+08,7.74E+08,7.76E+08,,,,,,
1696,8.12E+08,8.12E+08,8.12E+08,8.12E+08,8.12E+08,8.14E+08,,,,,,
1728,8.59E+08,8.59E+08,8.59E+08,8.59E+08,8.59E+08,8.62E+08,,,,,,
1760,9.06E+08,9.06E+08,9.06E+08,9.06E+08,9.06E+08,9.08E+08,,,,,,
1792,9.44E+08,9.44E+08,9.44E+08,9.44E+08,9.44E+08,9.45E+08,,,,,,
1824,9.95E+08,9.95E+08,9.95E+08,9.95E+08,9.95E+08,9.98E+08,,,,,,
1856,1.05E+09,1.05E+09,1.05E+09,1.05E+09,1.05E+09,1.05E+09,,,,,,
1888,1.11E+09,1.11E+09,1.11E+09,1.11E+09,1.11E+09,1.11E+09,,,,,,
1920,1.16E+09,1.16E+09,1.16E+09,1.16E+09,1.16E+09,1.16E+09,,,,,,
1952,1.22E+09,1.22E+09,1.22E+09,1.22E+09,1.22E+09,1.22E+09,,,,,,
1984,1.28E+09,1.28E+09,1.28E+09,1.28E+09,1.28E+09,1.28E+09,,,,,,
2016,1.34E+09,1.34E+09,1.34E+09,1.34E+09,1.34E+09,1.34E+09,,,,,,
2048,1.41E+09,1.41E+09,1.41E+09,1.41E+09,1.41E+09,1.41E+09,,,,,,
2080,1.47E+09,1.47E+09,1.47E+09,1.47E+09,1.47E+09,1.47E+09,,,,,,
2112,1.54E+09,1.54E+09,1.54E+09,1.54E+09,1.54E+09,1.55E+09,,,,,,
2144,1.62E+09,1.62E+09,1.62E+09,1.62E+09,1.62E+09,1.62E+09,,,,,,
2176,1.69E+09,1.69E+09,1.69E+09,1.69E+09,1.69E+09,1.69E+09,,,,,,
2208,1.76E+09,1.76E+09,1.76E+09,1.76E+09,1.76E+09,1.77E+09,,,,,,
2240,1.83E+09,1.83E+09,1.83E+09,1.83E+09,1.83E+09,1.83E+09,,,,,,
2272,1.91E+09,1.91E+09,1.91E+09,1.91E+09,1.91E+09,1.91E+09,,,,,,
2304,1.99E+09,1.99E+09,1.99E+09,1.99E+09,1.99E+09,2.00E+09,,,,,,
2336,2.08E+09,2.08E+09,2.08E+09,2.08E+09,2.08E+09,2.08E+09,,,,,,
2368,2.15E+09,2.15E+09,2.15E+09,2.15E+09,2.15E+09,2.16E+09,,,,,,
2400,2.25E+09,2.25E+09,2.25E+09,2.25E+09,2.25E+09,2.25E+09,,,,,,
2432,2.33E+09,2.33E+09,2.33E+09,2.33E+09,2.33E+09,2.34E+09,,,,,,
2464,2.43E+09,2.43E+09,2.43E+09,2.43E+09,2.43E+09,2.43E+09,,,,,,
2496,2.53E+09,2.53E+09,2.53E+09,2.53E+09,2.53E+09,2.53E+09,,,,,,
2528,2.62E+09,2.62E+09,2.62E+09,2.62E+09,2.62E+09,2.62E+09,,,,,,
2560,2.74E+09,2.74E+09,2.74E+09,2.74E+09,2.74E+09,2.74E+09,,,,,,
2592,2.85E+09,2.85E+09,2.85E+09,2.85E+09,2.85E+09,2.85E+09,,,,,,
2624,2.97E+09,2.97E+09,2.97E+09,2.97E+09,2.97E+09,2.97E+09,,,,,,
2656,3.07E+09,3.07E+09,3.07E+09,3.07E+09,3.07E+09,3.07E+09,,,,,,
2688,3.18E+09,3.18E+09,3.18E+09,3.18E+09,3.18E+09,3.18E+09,,,,,,
2720,3.32E+09,3.32E+09,3.32E+09,3.32E+09,3.32E+09,3.32E+09,,,,,,
2752,3.45E+09,3.45E+09,3.45E+09,3.45E+09,3.45E+09,3.46E+09,,,,,,
2784,3.57E+09,3.57E+09,3.57E+09,3.57E+09,3.57E+09,3.58E+09,,,,,,
2816,3.69E+09,3.69E+09,3.69E+09,3.69E+09,3.69E+09,3.69E+09,,,,,,
2848,3.80E+09,3.80E+09,3.80E+09,3.80E+09,3.80E+09,3.81E+09,,,,,,
2880,3.94E+09,3.94E+09,3.94E+09,3.94E+09,3.94E+09,3.95E+09,,,,,,
2912,4.09E+09,4.09E+09,4.09E+09,4.09E+09,4.09E+09,4.09E+09,,,,,,
2944,4.24E+09,4.24E+09,4.24E+09,4.24E+09,4.24E+09,4.25E+09,,,,,,
2976,4.37E+09,4.37E+09,4.37E+09,4.37E+09,4.37E+09,4.37E+09,,,,,,
3008,4.51E+09,4.51E+09,4.51E+09,4.51E+09,4.51E+09,4.52E+09,,,,,,
3040,4.65E+09,4.65E+09,4.65E+09,4.65E+09,4.65E+09,4.65E+09,,,,,,
3072,4.79E+09,4.79E+09,4.79E+09,4.79E+09,4.79E+09,4.80E+09,,,,,,
3104,4.93E+09,4.93E+09,4.93E+09,4.93E+09,4.93E+09,4.93E+09,,,,,,
3136,5.08E+09,5.08E+09,5.08E+09,5.08E+09,5.08E+09,5.08E+09,,,,,,
3168,5.21E+09,5.21E+09,5.21E+09,5.21E+09,5.21E+09,5.21E+09,,,,,,
3200,5.37E+09,5.37E+09,5.37E+09,5.37E+09,5.37E+09,5.37E+09,,,,,,
3232,5.54E+09,5.54E+09,5.54E+09,5.54E+09,5.54E+09,5.54E+09,,,,,,
3264,5.72E+09,5.72E+09,5.72E+09,5.72E+09,5.72E+09,5.73E+09,,,,,,
3296,5.90E+09,5.90E+09,5.90E+09,5.90E+09,5.90E+09,5.91E+09,,,,,,
3328,6.10E+09,6.10E+09,6.10E+09,6.10E+09,6.10E+09,6.11E+09,,,,,,
3360,6.25E+09,6.25E+09,6.25E+09,6.25E+09,6.25E+09,6.26E+09,,,,,,
3392,6.45E+09,6.45E+09,6.45E+09,6.45E+09,6.45E+09,6.45E+09,,,,,,
3424,6.62E+09,6.62E+09,6.62E+09,6.62E+09,6.62E+09,6.62E+09,,,,,,
3456,6.79E+09,6.79E+09,6.79E+09,6.79E+09,6.79E+09,6.80E+09,,,,,,
3488,6.98E+09,6.98E+09,6.98E+09,6.98E+09,6.98E+09,6.99E+09,,,,,,
3520,7.20E+09,7.20E+09,7.20E+09,7.20E+09,7.20E+09,7.21E+09,,,,,,
3552,7.46E+09,7.46E+09,7.46E+09,7.46E+09,7.46E+09,7.47E+09,,,,,,
3584,7.72E+09,7.72E+09,7.72E+09,7.72E+09,7.72E+09,7.72E+09,,,,,,
3616,7.89E+09,7.89E+09,7.89E+09,7.89E+09,7.89E+09,7.91E+09,,,,,,
3648,8.12E+09,8.12E+09,8.12E+09,8.12E+09,8.12E+09,8.13E+09,,,,,,
3680,8.37E+09,8.37E+09,8.37E+09,8.37E+09,8.37E+09,8.37E+09,,,,,,
3712,8.62E+09,8.62E+09,8.62E+09,8.62E+09,8.62E+09,8.62E+09,,,,,,
3744,8.82E+09,8.82E+09,8.82E+09,8.82E+09,8.82E+09,8.83E+09,,,,,,
3776,9.03E+09,9.03E+09,9.03E+09,9.03E+09,9.03E+09,9.04E+09,,,,,,
3808,9.27E+09,9.27E+09,9.27E+09,9.27E+09,9.27E+09,9.27E+09,,,,,,
3840,9.47E+09,9.47E+09,9.47E+09,9.47E+09,9.47E+09,9.48E+09,,,,,,
3872,9.76E+09,9.76E+09,9.76E+09,9.76E+09,9.76E+09,9.77E+09,,,,,,
3904,9.99E+09,9.99E+09,9.99E+09,9.99E+09,9.99E+09,1.00E+10,,,,,,
3936,1.03E+10,1.03E+10,1.03E+10,1.03E+10,1.03E+10,1.03E+10,,,,,,
3968,1.05E+10,1.05E+10,1.05E+10,1.05E+10,1.05E+10,1.05E+10,,,,,,
4000,1.08E+10,1.08E+10,1.08E+10,1.08E+10,1.08E+10,1.09E+10,,,,,,
4032,1.11E+10,1.11E+10,1.11E+10,1.11E+10,1.11E+10,1.11E+10,,,,,,
4064,1.14E+10,1.14E+10,1.14E+10,1.14E+10,1.14E+10,1.14E+10,,,,,,
4096,1.17E+10,1.17E+10,1.17E+10,1.17E+10,1.17E+10,1.17E+10,,,,,,
4128,1.19E+10,1.19E+10,1.19E+10,1.19E+10,1.19E+10,1.19E+10,,,,,,
4160,1.22E+10,1.22E+10,1.22E+10,1.22E+10,1.22E+10,1.22E+10,,,,,,
4192,1.24E+10,1.24E+10,1.24E+10,1.24E+10,1.24E+10,1.24E+10,,,,,,
4224,1.27E+10,1.27E+10,1.27E+10,1.27E+10,1.27E+10,1.27E+10,,,,,,
4256,1.30E+10,1.30E+10,1.30E+10,1.30E+10,1.30E+10,1.30E+10,,,,,,
4288,1.33E+10,1.33E+10,1.33E+10,1.33E+10,1.33E+10,1.33E+10,,,,,,
4320,1.36E+10,1.36E+10,1.36E+10,1.36E+10,1.36E+10,1.36E+10,,,,,,
4352,1.39E+10,1.39E+10,1.39E+10,1.39E+10,1.39E+10,1.39E+10,,,,,,
4384,1.42E+10,1.42E+10,1.42E+10,1.42E+10,1.42E+10,1.42E+10,,,,,,
4416,1.45E+10,1.45E+10,1.45E+10,1.45E+10,1.45E+10,1.45E+10,,,,,,
4448,1.49E+10,1.49E+10,1.49E+10,1.49E+10,1.49E+10,1.49E+10,,,,,,
4480,1.52E+10,1.52E+10,1.52E+10,1.52E+10,1.52E+10,1.52E+10,,,,,,
4512,1.55E+10,1.55E+10,1.55E+10,1.55E+10,1.55E+10,1.56E+10,,,,,,
4544,1.58E+10,1.58E+10,1.58E+10,1.58E+10,1.58E+10,1.58E+10,,,,,,
4576,1.62E+10,1.62E+10,1.62E+10,1.62E+10,1.62E+10,1.62E+10,,,,,,
4608,1.65E+10,1.65E+10,1.65E+10,1.65E+10,1.65E+10,1.65E+10,,,,,,
4640,1.68E+10,1.68E+10,1.68E+10,1.68E+10,1.68E+10,1.68E+10,,,,,,
4672,1.72E+10,1.72E+10,1.72E+10,1.72E+10,1.72E+10,1.72E+10,,,,,,
4704,1.75E+10,1.75E+10,1.75E+10,1.75E+10,1.75E+10,1.75E+10,,,,,,
4736,1.79E+10,1.79E+10,1.79E+10,1.79E+10,1.79E+10,1.79E+10,,,,,,
4768,1.83E+10,1.83E+10,1.83E+10,1.83E+10,1.83E+10,1.83E+10,,,,,,
4800,1.86E+10,1.86E+10,1.86E+10,1.86E+10,1.86E+10,1.87E+10,,,,,,
4832,1.90E+10,1.90E+10,1.90E+10,1.90E+10,1.90E+10,1.90E+10,,,,,,
4864,1.94E+10,1.94E+10,1.94E+10,1.94E+10,1.94E+10,1.94E+10,,,,,,
4896,1.98E+10,1.98E+10,1.98E+10,1.98E+10,1.98E+10,1.98E+10,,,,,,
4928,2.02E+10,2.02E+10,2.02E+10,2.02E+10,2.02E+10,2.02E+10,,,,,,
4960,2.06E+10,2.06E+10,2.06E+10,2.06E+10,2.06E+10,2.06E+10,,,,,,
4992,2.10E+10,2.10E+10,2.10E+10,2.10E+10,2.10E+10,2.10E+10,,,,,,
5024,2.13E+10,2.13E+10,2.13E+10,2.13E+10,2.13E+10,2.13E+10,,,,,,
5056,2.17E+10,2.17E+10,2.17E+10,2.17E+10,2.17E+10,2.17E+10,,,,,,
5088,2.21E+10,2.21E+10,2.21E+10,2.21E+10,2.21E+10,2.21E+10,,,,,,
5120,2.25E+10,2.25E+10,2.25E+10,2.25E+10,2.25E+10,2.25E+10,,,,,,
5152,2.29E+10,2.29E+10,2.29E+10,2.29E+10,2.29E+10,2.29E+10,,,,,,
5184,2.33E+10,2.33E+10,2.33E+10,2.33E+10,2.33E+10,2.33E+10,,,,,,
5216,2.37E+10,2.37E+10,2.37E+10,2.37E+10,2.37E+10,2.38E+10,,,,,,
5248,2.41E+10,2.41E+10,2.41E+10,2.41E+10,2.41E+10,2.41E+10,,,,,,
5280,2.45E+10,2.45E+10,2.45E+10,2.45E+10,2.45E+10,2.45E+10,,,,,,
5312,2.49E+10,2.49E+10,2.49E+10,2.49E+10,2.49E+10,2.49E+10,,,,,,
5344,2.53E+10,2.53E+10,2.53E+10,2.53E+10,2.53E+10,2.54E+10,,,,,,
5376,2.58E+10,2.58E+10,2.58E+10,2.58E+10,2.58E+10,2.58E+10,,,,,,
5408,2.62E+10,2.62E+10,2.62E+10,2.62E+10,2.62E+10,2.62E+10,,,,,,
5440,2.67E+10,2.67E+10,2.67E+10,2.67E+10,2.67E+10,2.67E+10,,,,,,
5472,2.72E+10,2.72E+10,2.72E+10,2.72E+10,2.72E+10,2.72E+10,,,,,,
5504,2.77E+10,2.77E+10,2.77E+10,2.77E+10,2.77E+10,2.77E+10,,,,,,
5536,2.81E+10,2.81E+10,2.81E+10,2.81E+10,2.81E+10,2.81E+10,,,,,,
5568,2.86E+10,2.86E+10,2.86E+10,2.86E+10,2.86E+10,2.86E+10,,,,,,
5600,2.91E+10,2.91E+10,2.91E+10,2.91E+10,2.91E+10,2.91E+10,,,,,,
5632,2.96E+10,2.96E+10,2.96E+10,2.96E+10,2.96E+10,2.96E+10,,,,,,
5664,3.00E+10,3.00E+10,3.00E+10,3.00E+10,3.00E+10,3.00E+10,,,,,,
5696,3.05E+10,3.05E+10,3.05E+10,3.05E+10,3.05E+10,3.05E+10,,,,,,
5728,3.11E+10,3.11E+10,3.11E+10,3.11E+10,3.11E+10,3.12E+10,,,,,,
5760,3.16E+10,3.16E+10,3.16E+10,3.16E+10,3.16E+10,3.16E+10,,,,,,
5792,3.23E+10,3.23E+10,3.23E+10,3.23E+10,3.23E+10,3.23E+10,,,,,,
5824,3.27E+10,3.27E+10,3.27E+10,3.27E+10,3.27E+10,3.28E+10,,,,,,
5856,3.32E+10,3.32E+10,3.32E+10,3.32E+10,3.32E+10,3.32E+10,,,,,,
5888,3.37E+10,3.37E+10,3.37E+10,3.37E+10,3.37E+10,3.37E+10,,,,,,
5920,3.43E+10,3.43E+10,3.43E+10,3.43E+10,3.43E+10,3.43E+10,,,,,,
5952,3.48E+10,3.48E+10,3.48E+10,3.48E+10,3.48E+10,3.48E+10,,,,,,
5984,3.54E+10,3.54E+10,3.54E+10,3.54E+10,3.54E+10,3.54E+10,,,,,,
6016,3.60E+10,3.60E+10,3.60E+10,3.60E+10,3.60E+10,3.60E+10,,,,,,
6048,3.65E+10,3.65E+10,3.65E+10,3.65E+10,3.65E+10,3.66E+10,,,,,,
6080,3.73E+10,3.73E+10,3.73E+10,3.73E+10,3.73E+10,3.73E+10,,,,,,
6112,3.78E+10,3.78E+10,3.78E+10,3.78E+10,3.78E+10,3.78E+10,,,,,,
6144,3.83E+10,3.83E+10,3.83E+10,3.83E+10,3.83E+10,3.83E+10,,,,,,
6176,3.88E+10,3.88E+10,3.88E+10,3.88E+10,3.88E+10,3.89E+10,,,,,,
6208,3.95E+10,3.95E+10,3.95E+10,3.95E+10,3.95E+10,3.96E+10,,,,,,
6240,4.01E+10,4.01E+10,4.01E+10,4.01E+10,4.01E+10,4.01E+10,,,,,,
6272,4.06E+10,4.06E+10,4.06E+10,4.06E+10,4.06E+10,4.07E+10,,,,,,
6304,4.12E+10,4.12E+10,4.12E+10,4.12E+10,4.12E+10,4.12E+10,,,,,,
6336,4.19E+10,4.19E+10,4.19E+10,4.19E+10,4.19E+10,4.19E+10,,,,,,
6368,4.26E+10,4.26E+10,4.26E+10,4.26E+10,4.26E+10,4.26E+10,,,,,,
6400,4.32E+10,4.32E+10,4.32E+10,4.32E+10,4.32E+10,4.32E+10,,,,,,
6432,4.39E+10,4.39E+10,4.39E+10,4.39E+10,4.39E+10,4.39E+10,,,,,,
6464,4.46E+10,4.46E+10,4.46E+10,4.46E+10,4.46E+10,4.46E+10,,,,,,
6496,4.52E+10,4.52E+10,4.52E+10,4.52E+10,4.52E+10,4.52E+10,,,,,,
6528,4.58E+10,4.58E+10,4.58E+10,4.58E+10,4.58E+10,4.58E+10,,,,,,
6560,4.64E+10,4.64E+10,4.64E+10,4.64E+10,4.64E+10,4.65E+10,,,,,,
6592,4.71E+10,4.71E+10,4.71E+10,4.71E+10,4.71E+10,4.71E+10,,,,,,
6624,4.77E+10,4.77E+10,4.77E+10,4.77E+10,4.77E+10,4.77E+10,,,,,,
6656,4.83E+10,4.83E+10,4.83E+10,4.83E+10,4.83E+10,4.83E+10,,,,,,
6688,4.91E+10,4.91E+10,4.91E+10,4.91E+10,4.91E+10,4.91E+10,,,,,,
6720,4.98E+10,4.98E+10,4.98E+10,4.98E+10,4.98E+10,4.98E+10,,,,,,
6752,5.05E+10,5.05E+10,5.05E+10,5.05E+10,5.05E+10,5.05E+10,,,,,,
6784,5.11E+10,5.11E+10,5.11E+10,5.11E+10,5.11E+10,5.12E+10,,,,,,
6816,5.19E+10,5.19E+10,5.19E+10,5.19E+10,5.19E+10,5.19E+10,,,,,,
6848,5.27E+10,5.27E+10,5.27E+10,5.27E+10,5.27E+10,5.27E+10,,,,,,
6880,5.35E+10,5.35E+10,5.35E+10,5.35E+10,5.35E+10,5.35E+10,,,,,,
6912,5.43E+10,5.43E+10,5.43E+10,5.43E+10,5.43E+10,5.43E+10,,,,,,
6944,5.50E+10,5.50E+10,5.50E+10,5.50E+10,5.50E+10,5.50E+10,,,,,,
6976,5.58E+10,5.58E+10,5.58E+10,5.58E+10,5.58E+10,5.58E+10,,,,,,
7008,5.66E+10,5.66E+10,5.66E+10,5.66E+10,5.66E+10,5.66E+10,,,,,,
7040,5.74E+10,5.74E+10,5.74E+10,5.74E+10,5.74E+10,5.75E+10,,,,,,
7072,5.82E+10,5.82E+10,5.82E+10,5.82E+10,5.82E+10,5.82E+10,,,,,,
7104,5.90E+10,5.90E+10,5.90E+10,5.90E+10,5.90E+10,5.90E+10,,,,,,
7136,5.97E+10,5.97E+10,5.97E+10,5.97E+10,5.97E+10,5.98E+10,,,,,,
7168,6.07E+10,6.07E+10,6.07E+10,6.07E+10,6.07E+10,6.07E+10,,,,,,
7200,6.17E+10,6.17E+10,6.17E+10,6.17E+10,6.17E+10,6.17E+10,,,,,,
7232,6.24E+10,6.24E+10,6.24E+10,6.24E+10,6.24E+10,6.24E+10,,,,,,
7264,6.32E+10,6.32E+10,6.32E+10,6.32E+10,6.32E+10,6.32E+10,,,,,,
7296,6.41E+10,6.41E+10,6.41E+10,6.41E+10,6.41E+10,6.41E+10,,,,,,
7328,6.49E+10,6.49E+10,6.49E+10,6.49E+10,6.49E+10,6.50E+10,,,,,,
7360,6.58E+10,6.58E+10,6.58E+10,6.58E+10,6.58E+10,6.59E+10,,,,,,
7392,6.67E+10,6.67E+10,6.67E+10,6.67E+10,6.67E+10,6.67E+10,,,,,,
7424,6.74E+10,6.74E+10,6.74E+10,6.74E+10,6.74E+10,6.74E+10,,,,,,
7456,6.83E+10,6.83E+10,6.83E+10,6.83E+10,6.83E+10,6.83E+10,,,,,,
7488,6.93E+10,6.93E+10,6.93E+10,6.93E+10,6.93E+10,6.93E+10,,,,,,
7520,7.03E+10,7.03E+10,7.03E+10,7.03E+10,7.03E+10,7.03E+10,,,,,,
7552,7.11E+10,7.11E+10,7.11E+10,7.11E+10,7.11E+10,7.12E+10,,,,,,
7584,7.19E+10,7.19E+10,7.19E+10,7.19E+10,7.19E+10,7.20E+10,,,,,,
7616,7.29E+10,7.29E+10,7.29E+10,7.29E+10,7.29E+10,7.29E+10,,,,,,
7648,7.39E+10,7.39E+10,7.39E+10,7.39E+10,7.39E+10,7.39E+10,,,,,,
7680,7.49E+10,7.49E+10,7.49E+10,7.49E+10,7.49E+10,7.50E+10,,,,,,
7712,7.57E+10,7.57E+10,7.57E+10,7.57E+10,7.57E+10,7.57E+10,,,,,,
7744,7.66E+10,7.66E+10,7.66E+10,7.66E+10,7.66E+10,7.66E+10,,,,,,
7776,7.77E+10,7.77E+10,7.77E+10,7.77E+10,7.77E+10,7.77E+10,,,,,,
7808,7.86E+10,7.86E+10,7.86E+10,7.86E+10,7.86E+10,7.86E+10,,,,,,
7840,7.95E+10,7.95E+10,7.95E+10,7.95E+10,7.95E+10,7.95E+10,,,,,,
7872,8.04E+10,8.04E+10,8.04E+10,8.04E+10,8.04E+10,8.04E+10,,,,,,
7904,8.13E+10,8.13E+10,8.13E+10,8.13E+10,8.13E+10,8.14E+10,,,,,,
7936,8.24E+10,8.24E+10,8.24E+10,8.24E+10,8.24E+10,8.24E+10,,,,,,
7968,8.33E+10,8.33E+10,8.33E+10,8.33E+10,8.33E+10,8.33E+10,,,,,,
8000,8.43E+10,8.43E+10,8.43E+10,8.43E+10,8.43E+10,8.43E+10,,,,,,
8032,8.53E+10,8.53E+10,8.53E+10,8.53E+10,8.53E+10,8.53E+10,,,,,,
8064,8.65E+10,8.65E+10,8.65E+10,8.65E+10,8.65E+10,8.66E+10,,,,,,
8096,8.74E+10,8.74E+10,8.74E+10,8.74E+10,8.74E+10,8.74E+10,,,,,,
8128,8.85E+10,8.85E+10,8.85E+10,8.85E+10,8.85E+10,8.85E+10,,,,,,
8160,8.94E+10,8.94E+10,8.94E+10,8.94E+10,8.94E+10,8.94E+10,,,,,,
8192,9.05E+10,9.05E+10,9.05E+10,9.05E+10,9.05E+10,9.06E+10,,,,,,
8224,9.16E+10,9.16E+10,9.16E+10,9.16E+10,9.16E+10,9.16E+10,,,,,,
8256,9.27E+10,9.27E+10,9.27E+10,9.27E+10,9.27E+10,9.28E+10,,,,,,
8288,9.39E+10,9.39E+10,9.39E+10,9.39E+10,9.39E+10,9.40E+10,,,,,,
8320,9.51E+10,9.51E+10,9.51E+10,9.51E+10,9.51E+10,9.51E+10,,,,,,
8352,9.62E+10,9.62E+10,9.62E+10,9.62E+10,9.62E+10,9.63E+10,,,,,,
8384,9.72E+10,9.72E+10,9.72E+10,9.72E+10,9.72E+10,9.72E+10,,,,,,
8416,9.82E+10,9.82E+10,9.82E+10,9.82E+10,9.82E+10,9.83E+10,,,,,,
8448,9.95E+10,9.95E+10,9.95E+10,9.95E+10,9.95E+10,9.95E+10,,,,,,
8480,1.01E+11,1.01E+11,1.01E+11,1.01E+11,1.01E+11,1.01E+11,,,,,,
8512,1.02E+11,1.02E+11,1.02E+11,1.02E+11,1.02E+11,1.02E+11,,,,,,
8544,1.03E+11,1.03E+11,1.03E+11,1.03E+11,1.03E+11,1.03E+11,,,,,,
8576,1.04E+11,1.04E+11,1.04E+11,1.04E+11,1.04E+11,1.04E+11,,,,,,
8608,1.06E+11,1.06E+11,1.06E+11,1.06E+11,1.06E+11,1.06E+11,,,,,,
8640,1.07E+11,1.07E+11,1.07E+11,1.07E+11,1.07E+11,1.07E+11,,,,,,
8672,1.08E+11,1.08E+11,1.08E+11,1.08E+11,1.08E+11,1.08E+11,,,,,,
8704,1.09E+11,1.09E+11,1.09E+11,1.09E+11,1.09E+11,1.09E+11,,,,,,
8736,1.10E+11,1.10E+11,1.10E+11,1.10E+11,1.10E+11,1.10E+11,,,,,,
8768,1.11E+11,1.11E+11,1.11E+11,1.11E+11,1.11E+11,1.11E+11,,,,,,
8800,1.12E+11,1.12E+11,1.12E+11,1.12E+11,1.12E+11,1.12E+11,,,,,,
8832,1.14E+11,1.14E+11,1.14E+11,1.14E+11,1.14E+11,1.14E+11,,,,,,
8864,1.15E+11,1.15E+11,1.15E+11,1.15E+11,1.15E+11,1.15E+11,,,,,,
8896,1.16E+11,1.16E+11,1.16E+11,1.16E+11,1.16E+11,1.16E+11,,,,,,
8928,1.17E+11,1.17E+11,1.17E+11,1.17E+11,1.17E+11,1.18E+11,,,,,,
8960,1.19E+11,1.19E+11,1.19E+11,1.19E+11,1.19E+11,1.19E+11,,,,,,
8992,1.20E+11,1.20E+11,1.20E+11,1.20E+11,1.20E+11,1.20E+11,,,,,,
9024,1.21E+11,1.21E+11,1.21E+11,1.21E+11,1.21E+11,1.21E+11,,,,,,
9056,1.22E+11,1.22E+11,1.22E+11,1.22E+11,1.22E+11,1.22E+11,,,,,,
9088,1.24E+11,1.24E+11,1.24E+11,1.24E+11,1.24E+11,1.24E+11,,,,,,
9120,1.25E+11,1.25E+11,1.25E+11,1.25E+11,1.25E+11,1.25E+11,,,,,,
9152,1.26E+11,1.26E+11,1.26E+11,1.26E+11,1.26E+11,1.26E+11,,,,,,
9184,1.28E+11,1.28E+11,1.28E+11,1.28E+11,1.28E+11,1.28E+11,,,,,,
9216,1.29E+11,1.29E+11,1.29E+11,1.29E+11,1.29E+11,1.29E+11,,,,,,
9248,1.30E+11,1.30E+11,1.30E+11,1.30E+11,1.30E+11,1.31E+11,,,,,,
9280,1.32E+11,1.32E+11,1.32E+11,1.32E+11,1.32E+11,1.32E+11,,,,,,
9312,1.33E+11,1.33E+11,1.33E+11,1.33E+11,1.33E+11,1.33E+11,,,,,,
9344,1.34E+11,1.34E+11,1.34E+11,1.34E+11,1.34E+11,1.34E+11,,,,,,
9376,1.36E+11,1.36E+11,1.36E+11,1.36E+11,1.36E+11,1.36E+11,,,,,,
9408,1.37E+11,1.37E+11,1.37E+11,1.37E+11,1.37E+11,1.37E+11,,,,,,
9440,1.39E+11,1.39E+11,1.39E+11,1.39E+11,1.39E+11,1.39E+11,,,,,,
9472,1.40E+11,1.40E+11,1.40E+11,1.40E+11,1.40E+11,1.40E+11,,,,,,
9504,1.41E+11,1.41E+11,1.41E+11,1.41E+11,1.41E+11,1.41E+11,,,,,,
9536,1.43E+11,1.43E+11,1.43E+11,1.43E+11,1.43E+11,1.43E+11,,,,,,
9568,1.44E+11,1.44E+11,1.44E+11,1.44E+11,1.44E+11,1.44E+11,,,,,,
9600,1.45E+11,1.45E+11,1.45E+11,1.45E+11,1.45E+11,1.45E+11,,,,,,
9632,1.47E+11,1.47E+11,1.47E+11,1.47E+11,1.47E+11,1.47E+11,,,,,,
9664,1.48E+11,1.48E+11,1.48E+11,1.48E+11,1.48E+11,1.48E+11,,,,,,
9696,1.50E+11,1.50E+11,1.50E+11,1.50E+11,1.50E+11,1.50E+11,,,,,,
9728,1.51E+11,1.51E+11,1.51E+11,1.51E+11,1.51E+11,1.51E+11,,,,,,
9760,1.53E+11,1.53E+11,1.53E+11,1.53E+11,1.53E+11,1.53E+11,,,,,,
9792,1.54E+11,1.54E+11,1.54E+11,1.54E+11,1.54E+11,1.54E+11,,,,,,
9824,1.56E+11,1.56E+11,1.56E+11,1.56E+11,1.56E+11,1.56E+11,,,,,,
9856,1.57E+11,1.57E+11,1.57E+11,1.57E+11,1.57E+11,1.57E+11,,,,,,
9888,1.59E+11,1.59E+11,1.59E+11,1.59E+11,1.59E+11,1.59E+11,,,,,,
9920,1.60E+11,1.60E+11,1.60E+11,1.60E+11,1.60E+11,1.60E+11,,,,,,
9952,1.62E+11,1.62E+11,1.62E+11,1.62E+11,1.62E+11,1.62E+11,,,,,,
9984,1.64E+11,1.64E+11,1.64E+11,1.64E+11,1.64E+11,1.64E+11,,,,,,
10016,1.65E+11,1.65E+11,1.65E+11,1.65E+11,1.65E+11,1.65E+11,,,,,,
,,,,,,,,,,,,
Execution times (in estimated CPU cycles):,,,,,,,,,,,,
size*OUTER_LOOPS, dot4, dot5, dot6_2, dot6_5, dot8, dot8_2,,,,,,
32000,68658,48474,40024,36726,66014,60060,2.1455625,1.5148125,1.25075,1.1476875,2.0629375,1.876875
64000,138906,88368,76388,65848,71490,65596,2.17040625,1.38075,1.1935625,1.028875,1.11703125,1.0249375
96000,212464,142822,126510,89910,81442,69770,2.213166667,1.487729167,1.3178125,0.9365625,0.848354167,0.726770833
128000,292896,182756,165872,118304,95472,74782,2.28825,1.42778125,1.295875,0.92425,0.745875,0.584234375
160000,372930,222802,205902,142440,101394,79804,2.3308125,1.3925125,1.2868875,0.89025,0.6337125,0.498775
192000,452358,267338,245570,185742,111402,84804,2.35603125,1.392385417,1.279010417,0.96740625,0.58021875,0.4416875
224000,531810,302768,285464,215774,121432,90302,2.374151786,1.351642857,1.274392857,0.963276786,0.542107143,0.403133929
256000,615900,342758,331574,237376,131434,95428,2.405859375,1.338898438,1.295210938,0.92725,0.513414063,0.372765625
288000,692598,382752,365580,273274,141368,100002,2.404854167,1.329,1.269375,0.948868056,0.490861111,0.347229167
320000,771838,422806,405644,293794,151402,104946,2.41199375,1.32126875,1.2676375,0.91810625,0.47313125,0.32795625
352000,856306,466522,445628,319042,161432,110088,2.4326875,1.325346591,1.265988636,0.906369318,0.458613636,0.31275
384000,932514,502750,485442,349012,171412,115218,2.428421875,1.309244792,1.264171875,0.908885417,0.446385417,0.300046875
416000,1017472,542742,530742,370852,181388,119974,2.445846154,1.304668269,1.275822115,0.891471154,0.436028846,0.288399038
448000,1092486,582756,565408,399894,191436,125054,2.438584821,1.300794643,1.262071429,0.892620536,0.4273125,0.279138393
480000,1175060,627268,605680,431036,201394,130052,2.448041667,1.306808333,1.261833333,0.897991667,0.419570833,0.270941667
512000,1255720,662744,651264,452514,211382,139112,2.452578125,1.294421875,1.272,0.883816406,0.412855469,0.271703125
544000,1332454,702744,685500,482402,225216,140170,2.449363971,1.291808824,1.260110294,0.886768382,0.414,0.257665441
576000,1415684,746522,725412,504092,231426,144796,2.457784722,1.296045139,1.259395833,0.875159722,0.40178125,0.251381944
608000,1496284,782738,771148,543048,241396,149782,2.460993421,1.287398026,1.268335526,0.893171053,0.397032895,0.246351974
640000,1576642,826164,805476,560466,251400,154846,2.463503125,1.29088125,1.25855625,0.875728125,0.3928125,0.241946875
672000,1651852,862766,852074,585760,261390,159802,2.458113095,1.283877976,1.267967262,0.871666667,0.388973214,0.237800595
704000,1736476,902736,885664,619250,271400,164804,2.466585227,1.282295455,1.258045455,0.879616477,0.385511364,0.234096591
736000,1816932,945996,925474,637414,281394,169786,2.468657609,1.285320652,1.2574375,0.86605163,0.382328804,0.2306875
768000,1895418,982734,971144,670864,294804,174806,2.467992188,1.279601563,1.264510417,0.873520833,0.383859375,0.227611979
800000,1975822,1025958,1005782,698214,301410,179792,2.4697775,1.2824475,1.2572275,0.8727675,0.3767625,0.22474
832000,2057394,1062744,1051366,719116,311444,184796,2.472829327,1.277336538,1.263661058,0.864322115,0.374331731,0.222110577
864000,2135678,1106022,1091710,747422,321434,189790,2.471849537,1.280118056,1.263553241,0.865071759,0.372030093,0.219664352
896000,2215262,1146140,1125452,774542,331440,198544,2.472390625,1.279174107,1.256084821,0.864444196,0.369910714,0.221589286
928000,2295782,1182776,1171176,804662,341434,199812,2.473903017,1.274543103,1.262043103,0.867092672,0.367924569,0.215314655
960000,2378528,1226448,1205474,826932,351406,204812,2.477633333,1.27755,1.255702083,0.8613875,0.366047917,0.213345833
992000,2456002,1262734,1251410,855672,364680,209776,2.475808468,1.272917339,1.261502016,0.862572581,0.367620968,0.211467742
1024000,2536496,1306078,1292014,882610,371428,214782,2.477046875,1.275466797,1.261732422,0.861923828,0.362722656,0.209748047
1056000,2616126,1346420,1325254,907910,381394,219786,2.477392045,1.275018939,1.254975379,0.859763258,0.361168561,0.208130682
1088000,2699600,1382746,1371582,938198,391398,224776,2.48125,1.27090625,1.260645221,0.862314338,0.359740809,0.206595588
1120000,2776160,1426010,1412056,965266,401388,229766,2.478714286,1.273223214,1.260764286,0.861844643,0.358382143,0.205148214
1152000,2858566,1466500,1445172,985752,415134,234780,2.481394097,1.273003472,1.254489583,0.8556875,0.360359375,0.203802083
1184000,2936004,1506192,1491462,1018666,421454,243636,2.479733108,1.272121622,1.259680743,0.860359797,0.35595777,0.205773649
1216000,3021224,1542764,1530976,1037372,431402,244826,2.484559211,1.268720395,1.259026316,0.853101974,0.354771382,0.201337171
1248000,3095984,1586048,1570490,1075376,441388,249806,2.48075641,1.270871795,1.258405449,0.861679487,0.353676282,0.200165064
1280000,3179398,1626604,1605678,1094852,455112,254784,2.483904688,1.270784375,1.254435938,0.855353125,0.35555625,0.19905
1312000,3256524,1666472,1651242,1123092,461424,259806,2.482106707,1.270176829,1.258568598,0.856015244,0.351695122,0.198022866
1344000,3338768,1706178,1691456,1155080,471406,264794,2.484202381,1.269477679,1.25852381,0.859434524,0.350748512,0.197019345
1376000,3420302,1746290,1731620,1170690,481402,269806,2.485684593,1.269106105,1.258444767,0.850792151,0.349856105,0.196079942
1408000,3499996,1782762,1771590,1208766,491404,274784,2.485792614,1.266166193,1.258231534,0.85849858,0.349008523,0.195159091
1440000,3577294,1825978,1812520,1228194,504690,283500,2.484231944,1.268040278,1.258694444,0.8529125,0.350479167,0.196875
1472000,3659750,1866040,1851768,1257100,511418,284790,2.486243207,1.267690217,1.257994565,0.854008152,0.347430707,0.193471467
1504000,3740566,1906114,1891400,1284576,521430,289798,2.487078457,1.267363032,1.257579787,0.854106383,0.346695479,0.19268484
1536000,3819276,1946564,1931046,1304058,534872,294808,2.486507813,1.267294271,1.257191406,0.848996094,0.348223958,0.191932292
1568000,3898904,1986046,1971778,1343534,541430,299798,2.486545918,1.266610969,1.25751148,0.856845663,0.345299745,0.191197704
1600000,3979778,2026530,2011482,1364946,551442,304796,2.48736125,1.26658125,1.25717625,0.85309125,0.34465125,0.1904975
1632000,4059248,2066452,2051604,1385868,561416,309768,2.487284314,1.266208333,1.257110294,0.849183824,0.344004902,0.189808824
1664000,4139812,2106472,2090050,1419102,575110,318028,2.487867788,1.265908654,1.256039663,0.852825721,0.34561899,0.191122596
1696000,4220228,2146040,2131276,1441226,581440,319792,2.488341981,1.265353774,1.256648585,0.849779481,0.342830189,0.188556604
1728000,4300308,2189312,2172308,1471990,591420,324790,2.488604167,1.266962963,1.257122685,0.851846065,0.342256944,0.187957176
1760000,4380220,2226372,2213484,1497312,604890,329802,2.488761364,1.264984091,1.257661364,0.850745455,0.3436875,0.1873875
1792000,4464294,2266258,2251228,1522974,611424,334800,2.491235491,1.264652902,1.256265625,0.849873884,0.341196429,0.186830357
1824000,4540514,2307252,2290836,1553418,621442,339866,2.489316886,1.264940789,1.255940789,0.851654605,0.340702851,0.186330044
1856000,4620062,2346570,2331572,1574286,631434,348158,2.489257543,1.264315733,1.256234914,0.84821444,0.340212284,0.187585129
1888000,4703320,2386508,2377738,1605112,644744,349816,2.491165254,1.264040254,1.259395127,0.850165254,0.341495763,0.185283898
1920000,4779346,2426562,2411820,1631894,651444,354822,2.489242708,1.263834375,1.25615625,0.849944792,0.33929375,0.184803125
1952000,4860402,2469598,2451754,1685392,661434,359810,2.489960041,1.26516291,1.256021516,0.863418033,0.338849385,0.184328893
1984000,4943606,2506470,2491832,1687190,674714,364816,2.491736895,1.263341734,1.25596371,0.850398185,0.340077621,0.183879032
2016000,5019214,2546572,2537132,1708764,681422,373536,2.489689484,1.263180556,1.258498016,0.84760119,0.338006944,0.185285714
2048000,5103018,2589778,2571184,1742036,691448,374844,2.491708008,1.264540039,1.255460938,0.850603516,0.337621094,0.183029297
2080000,5182258,2626650,2611494,1762790,704704,379810,2.491470192,1.2628125,1.255525962,0.847495192,0.3388,0.182600962
2112000,5259920,2666480,2650964,1789104,711442,384832,2.490492424,1.262537879,1.255191288,0.847113636,0.336857008,0.182212121
2144000,5343000,2709888,2698654,1819678,725306,389814,2.492070896,1.263940299,1.25870056,0.84873041,0.338295709,0.181816231
2176000,5423436,2746474,2731770,1842120,731442,398268,2.492387868,1.26216636,1.255409007,0.8465625,0.336140625,0.183027574
2208000,5499116,2786602,2777138,1876348,741436,399810,2.490541667,1.262048007,1.257761775,0.84979529,0.33579529,0.18107337
2240000,5583382,2829472,2811764,1900378,755168,404832,2.49258125,1.263157143,1.255251786,0.848383036,0.337128571,0.180728571
2272000,5662776,2866442,2850812,1925278,761408,409824,2.492419014,1.261638204,1.254758803,0.847393486,0.335126761,0.180380282
2304000,5741990,2909526,2897556,1953024,771428,414838,2.49218316,1.262815104,1.257619792,0.847666667,0.334821181,0.180051215
2336000,5822882,2947316,2931770,1975422,785188,423638,2.492672089,1.261693493,1.255038527,0.845642979,0.336125,0.181351884
2368000,5902810,2989848,2977940,2009822,791450,424836,2.492740709,1.26260473,1.257576014,0.848742399,0.334227196,0.179407095
2400000,5982394,3026470,3011324,2032332,805186,429824,2.492664167,1.261029167,1.254718333,0.846805,0.335494167,0.179093333
2432000,6063096,3070112,3057376,2057686,811446,434832,2.493049342,1.262381579,1.257144737,0.846087993,0.333653783,0.178796053
2464000,6143540,3106578,3092272,2086526,821430,439820,2.493319805,1.260786526,1.254980519,0.846804383,0.333372565,0.178498377
2496000,6222094,3149662,3139348,2108280,835082,448584,2.492826122,1.261883814,1.257751603,0.844663462,0.334568109,0.179721154
2528000,6303278,3186512,3176222,2142310,841430,449822,2.493385285,1.260487342,1.25641693,0.847432753,0.332844146,0.177935918
2560000,6386038,3232642,3211020,2167130,855246,454840,2.494546094,1.262750781,1.254304688,0.846535156,0.334080469,0.177671875
2592000,6461930,3270020,3257844,2190768,861452,459832,2.493028549,1.26158179,1.256884259,0.845203704,0.332350309,0.177404321
2624000,6546508,3306578,3291330,2223466,875060,468586,2.494858232,1.260128811,1.254317835,0.84735747,0.333483232,0.178576982
2656000,6622788,3349558,3338062,2242932,881454,469832,2.493519578,1.261128765,1.256800452,0.84447741,0.331872741,0.176894578
2688000,6704086,3390070,3378898,2276596,891452,474828,2.494079613,1.261186756,1.257030506,0.846947917,0.331641369,0.176647321
2720000,6786368,3426602,3411158,2300482,906466,479826,2.494988235,1.259780147,1.254102206,0.845765441,0.333259559,0.176406618
2752000,6863294,3470548,3456702,2323816,911454,488538,2.493929506,1.261100291,1.256069041,0.844409884,0.331196948,0.177521076
2784000,6948442,3509816,3498196,2353820,925200,489832,2.49584842,1.26070977,1.25653592,0.845481322,0.332327586,0.175945402
2816000,7030486,3549918,3535864,2375534,931486,494826,2.496621449,1.26062429,1.255633523,0.843584517,0.330783381,0.17571946
2848000,7115680,3586590,3577492,2413708,945254,499852,2.498483146,1.259336376,1.256141854,0.847509831,0.331900983,0.175509831
2880000,7188776,3629894,3611990,2432954,951484,508446,2.496102778,1.260379861,1.254163194,0.844775694,0.330376389,0.17654375
2912000,7268222,3671450,3657600,2458468,965218,509844,2.495955357,1.260800137,1.256043956,0.844254121,0.331462225,0.175083791
2944000,7347216,3711204,3696496,2487696,971460,514818,2.495657609,1.260599185,1.255603261,0.845005435,0.32997962,0.174870245
2976000,7422170,3750026,3737616,2513748,985236,519836,2.494008737,1.260089382,1.255919355,0.844673387,0.331060484,0.174676075
3008000,7505810,3790108,3778276,2543092,991482,528634,2.49528258,1.260009309,1.256075798,0.845442819,0.329615027,0.175742686
3040000,7586662,3830070,3817322,2567134,1007970,529864,2.4956125,1.259891447,1.255698026,0.844451974,0.331569079,0.174297368
3072000,7665122,3869906,3858228,2591538,1011488,534870,2.495156901,1.259735026,1.255933594,0.843599609,0.329260417,0.174111328
3104000,7745934,3910880,3897294,2625976,1025358,539846,2.495468428,1.259948454,1.255571521,0.845997423,0.330334407,0.173919459
3136000,7831136,3946708,3937166,2643410,1031470,550292,2.497173469,1.258516582,1.255473852,0.842924107,0.328912628,0.175475765
3168000,7902182,3990106,3980362,2675614,1045320,549850,2.494375631,1.259503157,1.256427399,0.844575126,0.329962121,0.173563763
3200000,7986610,4029958,4017400,2701400,1051458,554862,2.495815625,1.259361875,1.2554375,0.8441875,0.328580625,0.173394375
3232000,8070110,4070120,4057862,2725288,1065316,559900,2.496939975,1.259319307,1.255526609,0.843220297,0.329615099,0.173236386
3264000,8145692,4110794,4098538,2758348,1071472,568400,2.495616422,1.259434436,1.255679534,0.845082108,0.328269608,0.174142157
3296000,8226298,4150094,4137604,2776144,1085262,569914,2.49584284,1.259130461,1.255341019,0.842276699,0.329266383,0.172910801
3328000,8306220,4190254,4177160,2810658,1091476,574892,2.495859375,1.259090745,1.25515625,0.844548678,0.327967548,0.17274399
3360000,8385318,4230264,4218244,2835432,1104916,583852,2.495630357,1.259007143,1.255429762,0.843878571,0.328844048,0.173765476
3392000,8467062,4270356,4255928,2858596,1115086,584916,2.496185731,1.258949292,1.254695755,0.842746462,0.328739976,0.172439858
3424000,8551426,4311052,4297306,2892060,1121446,589956,2.497495911,1.259068925,1.255054322,0.844643692,0.327525117,0.172300234
3456000,8625674,4350076,4338036,2909868,1135312,598710,2.495854745,1.258702546,1.25521875,0.841975694,0.32850463,0.173237847
3488000,8705876,4393472,4382364,2947666,1141452,599924,2.495950688,1.25959633,1.256411697,0.845087729,0.327251147,0.17199656
3520000,8790634,4430194,4417964,2966416,1155358,604970,2.497339205,1.258577841,1.255103409,0.842731818,0.328226705,0.171866477
3552000,8865410,4470204,4458310,2994310,1161486,609960,2.495892455,1.258503378,1.255154842,0.84299268,0.326994932,0.171722973
3584000,8958034,4511318,4497224,3026838,1174982,618618,2.499451451,1.258738281,1.254805804,0.844541853,0.32784096,0.172605469
3616000,9026832,4553592,4536624,3046172,1185360,620014,2.496358407,1.259289823,1.254597345,0.842414823,0.327809735,0.171464049
3648000,9108828,4590238,4581476,3077466,1191480,625030,2.4969375,1.258288925,1.255887061,0.843603618,0.326611842,0.171334978
3680000,9187156,4630310,4618716,3106278,1205330,634180,2.496509783,1.258236413,1.25508587,0.844097283,0.327535326,0.172331522
3712000,9268984,4670800,4657248,3125342,1211500,635052,2.497032328,1.258297414,1.254646552,0.841956358,0.326373922,0.171080819
3744000,9349056,4713534,4702362,3159332,1224934,640082,2.497076923,1.258956731,1.255972756,0.843838675,0.327172543,0.170962073
3776000,9425542,4750442,4736422,3176146,1235340,649260,2.496171081,1.25806197,1.254349047,0.84114036,0.32715572,0.171943856
3808000,9509376,4796496,4785342,3214680,1241484,650056,2.497210084,1.259584034,1.256654937,0.844191176,0.326019958,0.170707983
3840000,9588998,4830886,4819664,3237846,1255376,655066,2.497134896,1.258043229,1.255120833,0.843189063,0.326920833,0.170590104
3872000,9669332,4870696,4857888,3257890,1278406,677560,2.497244835,1.257927686,1.254619835,0.841397211,0.330166839,0.174989669
3904000,9750792,4915928,4905678,3354928,1284684,678472,2.497641393,1.259202869,1.256577357,0.859356557,0.329068648,0.173788934
3936000,9828588,4953718,4940384,3374582,1298600,684300,2.49710061,1.258566565,1.255178862,0.857363313,0.329928862,0.173856707
3968000,9913920,4995910,4986866,3406294,1308602,693590,2.498467742,1.259049899,1.256770665,0.858441028,0.32978881,0.174795867
4000000,9995942,5031820,5024708,3438938,1314490,695220,2.4989855,1.257955,1.256177,0.8597345,0.3286225,0.173805
4032000,10072066,5075984,5070620,3465702,1328536,701174,2.498032242,1.258924603,1.257594246,0.859549107,0.329498016,0.173902282
4064000,10162544,5127102,5110050,3510412,1334434,711078,2.500625984,1.261590059,1.257394193,0.86378248,0.328354823,0.17496998
4096000,10253732,5161098,5162148,3524356,1348886,714970,2.503352539,1.260033691,1.260290039,0.860438477,0.329317871,0.174553223
4128000,10324436,5204876,5202642,3587738,1361030,723464,2.501074612,1.260871124,1.260329942,0.869122578,0.32970688,0.175257752
4160000,10406250,5241756,5239388,3639158,1372668,743308,2.501502404,1.2600375,1.259468269,0.874797596,0.329968269,0.178679808
4192000,10485088,5284928,5286736,3662376,1381492,772224,2.50121374,1.260717557,1.261148855,0.873658397,0.329554389,0.18421374
4224000,10565718,5325562,5328982,3678752,1401516,807882,2.501353693,1.260786458,1.261596117,0.870916667,0.331798295,0.191259943
4256000,10655664,5361014,5357024,3746962,1412346,840356,2.503680451,1.259636748,1.258699248,0.880395207,0.331848214,0.197452068
4288000,10728854,5404164,5401746,3768890,1425192,868256,2.502064832,1.26029944,1.259735541,0.878938899,0.332367537,0.202485075
4320000,10808338,5447114,5442194,3800942,1435636,891820,2.501930093,1.260906019,1.25976713,0.879847685,0.332323148,0.206439815
4352000,10889074,5483028,5476632,3835824,1449404,909164,2.502085018,1.259886949,1.258417279,0.881393382,0.333043199,0.208907169
4384000,10968660,5524934,5524202,3890590,1460204,935968,2.501975365,1.260249544,1.260082573,0.887452099,0.33307573,0.21349635
4416000,11045432,5564016,5562656,3944334,1465374,954934,2.501230072,1.259967391,1.25965942,0.893191576,0.33183288,0.216244112
4448000,11129682,5604760,5602410,3965544,1479730,983562,2.502176709,1.26006295,1.259534622,0.891534173,0.332673112,0.22112455
4480000,11205616,5645436,5642164,3987958,1490568,1003548,2.501253571,1.260141964,1.259411607,0.890169196,0.332716071,0.22400625
4512000,11289424,5681268,5677822,4008860,1498260,1031782,2.502088652,1.259146277,1.258382535,0.888488475,0.33206117,0.228675089
4544000,11369232,5725172,5722604,4046406,1506170,1050446,2.50203169,1.259941021,1.25937588,0.890494278,0.331463468,0.231172095
4576000,11445514,5764738,5762530,4101428,1516070,1080238,2.501204983,1.259776661,1.259294143,0.896291084,0.331309003,0.236065997
4608000,11528392,5804682,5801818,4124946,1526336,1100284,2.501821181,1.259696615,1.259075087,0.895170573,0.331236111,0.23877691
4640000,11610404,5844660,5841870,4174426,1533392,1132174,2.502242241,1.259625,1.259023707,0.899660776,0.330472414,0.244003017
4672000,11688248,5885060,5882166,4165228,1539570,1164114,2.501765411,1.259644692,1.259025257,0.891529966,0.32953125,0.249168236
4704000,11769812,5925504,5923552,4202956,1555054,1175044,2.502085884,1.259673469,1.259258503,0.893485544,0.330581207,0.249796769
4736000,11846324,5964522,5963074,4237768,1567182,1206170,2.501335304,1.25940076,1.259095017,0.894798986,0.330908361,0.254681166
4768000,11930204,6004654,6001318,4302392,1574270,1230284,2.502140101,1.259365352,1.258665688,0.902347315,0.330174077,0.258029362
4800000,12009006,6045358,6043300,4304046,1583196,1261612,2.50187625,1.259449583,1.259020833,0.89667625,0.3298325,0.262835833
4832000,12092746,6084876,6083394,4340024,1595932,1288972,2.502637831,1.259287252,1.258980546,0.898183775,0.33028394,0.26675745
4864000,12169440,6125606,6123574,4379134,1604974,1314278,2.501940789,1.259376234,1.25895847,0.900315378,0.329969984,0.270205181
4896000,12248776,6164942,6162556,4420496,1614842,1336202,2.501792484,1.25917933,1.258691993,0.902879085,0.32982884,0.272917075
4928000,12328612,6205876,6201210,4456750,1623504,1344576,2.501747565,1.259309253,1.258362419,0.904372971,0.329444805,0.272844156
4960000,12410438,6244294,6242312,4480512,1628246,1350366,2.502104435,1.258930242,1.258530645,0.903329032,0.328275403,0.27225121
4992000,12487756,6288074,6282288,4503674,1642728,1362926,2.501553686,1.259630208,1.258471154,0.902178285,0.329072115,0.273022035
5024000,12572552,6326348,6328536,4521484,1653232,1370512,2.502498408,1.259225318,1.259660828,0.899976911,0.329066879,0.272792994
5056000,12649388,6366818,6361548,4549518,1662920,1376062,2.501856804,1.259259889,1.258217563,0.899825554,0.328900316,0.272164161
5088000,12728796,6404982,6403736,4576344,1673226,1387312,2.501728774,1.258840802,1.258595912,0.899438679,0.328857311,0.272663522
5120000,12814134,6445026,6442072,4622804,1683052,1396334,2.502760547,1.258794141,1.258217188,0.902891406,0.328721094,0.272721484
5152000,12889040,6489684,6483612,4661358,1694088,1405924,2.501754658,1.259643634,1.258465062,0.904766693,0.328821429,0.272888975
5184000,12973010,6528464,6528174,4662462,1698950,1409916,2.502509645,1.259348765,1.259292824,0.899394676,0.327729552,0.271974537
5216000,13052092,6565768,6562600,4689044,1712646,1421776,2.502318252,1.25877454,1.258167178,0.89897316,0.328344709,0.272579755
5248000,13132658,6606792,6603314,4727334,1722588,1432610,2.502411966,1.258916159,1.25825343,0.900787729,0.328237043,0.272982088
5280000,13211336,6648308,6648696,4748686,1732954,1434792,2.50214697,1.259149242,1.259222727,0.899372348,0.328210985,0.271740909
5312000,13293938,6685158,6682400,4795350,1739170,1447280,2.50262387,1.25850113,1.257981928,0.902739081,0.327403991,0.272454819
5344000,13374354,6726914,6722132,4806120,1753800,1456330,2.502686003,1.258778817,1.257883982,0.899348802,0.328181138,0.272516841
5376000,13449156,6775812,6768396,4871408,1762040,1464646,2.501703125,1.260381696,1.259002232,0.906139881,0.327760417,0.272441592
5408000,13533508,6806876,6801382,4865464,1770812,1468564,2.502497781,1.258667899,1.257651997,0.899678994,0.327443047,0.271553994
5440000,13611050,6851844,6842666,4888810,1782016,1483024,2.50203125,1.259530147,1.257843015,0.898678309,0.327576471,0.272614706
5472000,13696094,6887484,6889720,4940162,1791324,1489330,2.502941155,1.258677632,1.259086257,0.902807383,0.327361842,0.27217288
5504000,13787964,6931788,6927882,4951068,1802590,1497530,2.505080669,1.259409157,1.258699491,0.899539971,0.327505451,0.272080305
5536000,13867230,6967052,6968918,4998768,1815604,1503258,2.504918714,1.258499277,1.258836344,0.902956647,0.32796315,0.271542269
5568000,13940968,7008784,7002706,5005332,1824464,1514624,2.503765805,1.258761494,1.257669899,0.898946121,0.32766954,0.272022989
5600000,14012828,7045660,7046000,5053170,1836004,1522870,2.502290714,1.258153571,1.258214286,0.902351786,0.327857857,0.271941071
5632000,14092634,7088296,7082826,5073200,1844280,1531426,2.502243253,1.258575284,1.257604048,0.90078125,0.327464489,0.271915128
5664000,14174290,7124568,7128984,5092860,1851856,1536044,2.502522952,1.257868644,1.258648305,0.899163136,0.326951977,0.271194209
5696000,14252930,7171314,7169906,5156626,1863648,1549888,2.502270014,1.259008778,1.258761587,0.905306531,0.327185393,0.272101124
5728000,14333818,7205098,7202238,5149490,1873868,1557690,2.50241236,1.257873254,1.257373953,0.899003142,0.32714176,0.271943087
5760000,14413332,7250356,7246508,5218546,1881218,1564874,2.502314583,1.258742361,1.258074306,0.905997569,0.326600347,0.271679514
5792000,14498046,7290992,7281478,5200352,1889744,1569672,2.503115677,1.258803867,1.257161257,0.897850829,0.326267956,0.271006906
5824000,14572418,7327478,7329142,5256448,1902032,1582138,2.502132212,1.258152129,1.258437843,0.902549451,0.326585165,0.27165831
5856000,14652644,7368494,7367878,5277048,1912934,1590568,2.502159153,1.258281079,1.258175888,0.901135246,0.326662227,0.271613388
5888000,14736462,7414436,7409234,5313232,1923734,1598808,2.502795856,1.259245245,1.258361753,0.902383152,0.326721128,0.271536685
5920000,14811640,7445670,7441760,5338070,1930992,1607678,2.501966216,1.257714527,1.257054054,0.901701014,0.326181081,0.27156723
5952000,14891370,7490614,7488546,5364454,1942666,1611978,2.501910282,1.258503696,1.25815625,0.901285954,0.326388777,0.270829637
5984000,14976748,7529128,7528524,5405724,1950798,1624056,2.502798797,1.258209893,1.258108957,0.903362968,0.32600234,0.271399733
6016000,15053066,7569594,7567746,5426764,1963428,1633588,2.502171875,1.258243684,1.257936503,0.902055186,0.326367686,0.271540559
6048000,15135640,7613814,7604288,5454822,1975246,1642830,2.502585979,1.258897817,1.257322751,0.901921627,0.326594907,0.271631944
6080000,15215798,7648752,7648560,5478354,1983776,1648972,2.502598355,1.258018421,1.257986842,0.901045066,0.326278947,0.2712125
6112000,15294822,7690964,7690294,5540010,1993952,1658650,2.502425065,1.258338351,1.25822873,0.906415249,0.326235602,0.271375982
6144000,15374970,7731046,7729210,5524042,2003190,1662246,2.502436523,1.258308268,1.25800944,0.899095378,0.326040039,0.270547852
6176000,15459396,7769834,7766994,5588082,2012180,1674428,2.503140544,1.258068977,1.257609132,0.904806023,0.325806347,0.271118523
6208000,15533698,7808658,7808170,5592994,2021816,1683964,2.502206508,1.257837951,1.257759343,0.900933312,0.325679124,0.271257088
6240000,15616770,7854092,7847110,5624396,2034934,1692156,2.5026875,1.25866859,1.257549679,0.901345513,0.326111218,0.271178846
6272000,15698220,7888818,7881540,5630786,2044422,1701032,2.502904974,1.257783482,1.256623087,0.897765625,0.32596014,0.271210459
6304000,15779538,7934466,7915288,5663100,2053426,1709062,2.503099302,1.258639911,1.255597716,0.898334391,0.32573382,0.271107551
6336000,15856732,7968922,7959510,5709272,2063498,1713702,2.502640783,1.257721275,1.256235795,0.901084596,0.325678346,0.270470644
6368000,15936986,8014054,7998402,5721338,2071236,1724430,2.502667399,1.258488379,1.256030465,0.898451319,0.32525691,0.270796168
6400000,16016388,8052314,8045950,5787490,2082094,1734318,2.502560625,1.258174063,1.257179688,0.904295313,0.325327188,0.270987188
6432000,16094410,8089106,8082492,5817606,2087760,1742720,2.502240361,1.257634639,1.256606343,0.904478545,0.324589552,0.270945274
6464000,16175368,8133578,8118242,5805872,2104744,1750722,2.502377475,1.258288676,1.255916151,0.898185644,0.325610149,0.270841894
6496000,16256666,8168942,8160508,5870256,2112528,1759802,2.502565579,1.257534175,1.256235837,0.903672414,0.325204433,0.27090548
6528000,16344070,8210728,8196952,5898854,2121924,1767690,2.503687194,1.257770833,1.255660539,0.903623468,0.325049632,0.270785846
6560000,16422728,8251434,8237498,5901360,2135280,1776040,2.503464634,1.257840549,1.255716159,0.899597561,0.3255,0.270737805
6592000,16496928,8288552,8278192,5915080,2143494,1783750,2.502567961,1.257365291,1.255793689,0.897311893,0.325165959,0.270593143
6624000,16574846,8330728,8317710,5951616,2152334,1788218,2.502241244,1.257658213,1.255692935,0.898492754,0.32492965,0.269960447
6656000,16657478,8375246,8361634,5986404,2161848,1801412,2.502625901,1.25830018,1.256255108,0.899399639,0.324796875,0.270644832
6688000,16741332,8411142,8401028,6004012,2174858,1809434,2.503189593,1.25764683,1.256134569,0.897729067,0.325188098,0.270549342
6720000,16815670,8451204,8438002,6060024,2183134,1817322,2.502331845,1.257619643,1.25565506,0.901789286,0.324871131,0.270434821
6752000,16901112,8490356,8478518,6096648,2195208,1825452,2.503126777,1.257457938,1.25570468,0.902939573,0.325119668,0.270357227
6784000,16976038,8533420,8517188,6095560,2204384,1835318,2.502364092,1.25787441,1.255481722,0.898520047,0.324938679,0.270536262
6816000,17057802,8569564,8562240,6151912,2215918,1843518,2.502611796,1.257271714,1.256197183,0.902569249,0.32510534,0.27046919
6848000,17209530,8608722,8597772,6163396,2225334,1850846,2.51307389,1.257114778,1.255515771,0.900028621,0.324961157,0.270275409
6880000,17220014,8656618,8637570,6213746,2234242,1860250,2.502909012,1.25822936,1.255460756,0.903160756,0.324744477,0.270385174
6912000,17298362,8691444,8681702,6224820,2247048,1868168,2.502656539,1.257442708,1.256033275,0.900581597,0.32509375,0.270278935
6944000,17382734,8730032,8717292,6238888,2254842,1876402,2.503273906,1.257205069,1.255370392,0.898457373,0.32471803,0.270219182
6976000,17461850,8775508,8760656,6287482,2265026,1885700,2.503132167,1.257956995,1.255827982,0.901301892,0.32468836,0.2703125
7008000,17541194,8809304,8801226,6297576,2276332,1892922,2.503024258,1.257035388,1.255882705,0.898626712,0.324819064,0.270108733
7040000,17616142,8853748,8837600,6363354,2283898,1898876,2.502292898,1.257634659,1.255340909,0.903885511,0.32441733,0.269726705
7072000,17699132,8895300,8882142,6360746,2293750,1910446,2.502705317,1.25781957,1.255958993,0.899426753,0.324342477,0.270142251
7104000,17778372,8931596,8918634,6379214,2304260,1918534,2.502586149,1.25726295,1.255438345,0.897974944,0.324360923,0.270063908
7136000,17860076,8972334,8961074,6398810,2316856,1926212,2.502813341,1.2573338,1.255755886,0.896694226,0.324671525,0.269928812
7168000,17940790,9009596,9001324,6455266,2324540,1936348,2.502900391,1.256919085,1.255765067,0.900567243,0.324294085,0.270137835
7200000,18020040,9050974,9038768,6471390,2335364,1943766,2.502783333,1.257079722,1.255384444,0.898804167,0.324356111,0.2699675
7232000,18104126,9088666,9081434,6542520,2346112,1952050,2.503336007,1.256729259,1.255729259,0.904662611,0.32440708,0.269918418
7264000,18184164,9132780,9120766,6518808,2354094,1961096,2.503326542,1.257265969,1.255612059,0.897412996,0.324076817,0.26997467
7296000,18259784,9170790,9158438,6548890,2367110,1968670,2.502711623,1.256961349,1.255268366,0.897600055,0.324439419,0.269828673
7328000,18345868,9208406,9199850,6604008,2376848,1977138,2.503530022,1.256605622,1.255438046,0.901201965,0.324351528,0.26980595
7360000,18420948,9250860,9238206,6621304,2382356,1986298,2.502846196,1.256910326,1.255191033,0.899633696,0.323689674,0.269877446
7392000,18501346,9288110,9280230,6653718,2393690,1994456,2.502887716,1.256508387,1.25544237,0.900124188,0.323821699,0.269812771
7424000,18580646,9331246,9323028,6659542,2404418,2002482,2.502780981,1.256902748,1.255795797,0.897028825,0.323870959,0.269730873
7456000,18663532,9373752,9358462,6733458,2418434,2011700,2.503156116,1.257209227,1.25515853,0.903092543,0.324360783,0.269809549
7488000,18739658,9411626,9401524,6726342,2425604,2018986,2.502625267,1.256894498,1.255545406,0.898282853,0.323932158,0.269629541
7520000,18821486,9448024,9441346,6804522,2435674,2027706,2.502857181,1.25638617,1.255498138,0.904856649,0.323892819,0.269641755
7552000,18902642,9490926,9482154,6783878,2447776,2036968,2.502998146,1.256743379,1.255581833,0.89828893,0.324122881,0.269725636
7584000,18980148,9533976,9517986,6837822,2458248,2044622,2.502656646,1.257117089,1.255008703,0.901611551,0.324136076,0.269596783
7616000,19066762,9572298,9561414,6849380,2463968,2052854,2.503513918,1.256866859,1.255437763,0.899340861,0.32352521,0.269544905
7648000,19143870,9610124,9603950,6877110,2475074,2061420,2.503121077,1.25655387,1.2557466,0.899203713,0.323623692,0.269537134
7680000,19218400,9652764,9641242,6908192,2484382,2069504,2.502395833,1.256870313,1.255370052,0.899504167,0.32348724,0.269466667
7712000,19303872,9692800,9682204,6924794,2499032,2077764,2.503095436,1.256846473,1.25547251,0.897924533,0.324044606,0.269419606
7744000,19379382,9731712,9721130,6952206,2506822,2087668,2.502502841,1.256677686,1.255311209,0.897753874,0.323711519,0.269585227
7776000,19462142,9774408,9761376,7027640,2520098,2097950,2.502847479,1.256996914,1.255320988,0.903760288,0.324086677,0.269798097
7808000,19544040,9812780,9801874,7030138,2524314,2103182,2.503078893,1.256759734,1.255362961,0.900376281,0.323298412,0.269362449
7840000,19623528,9852304,9845638,7076564,2538030,2112320,2.50300102,1.256671429,1.255821173,0.902622959,0.323728316,0.269428571
7872000,19702648,9892302,9881532,7067270,2545518,2124546,2.502877033,1.256644055,1.255275915,0.89777312,0.323363567,0.269886433
7904000,19783796,9931934,9922554,7094532,2560686,2133968,2.503010628,1.256570597,1.255383856,0.897587551,0.323973431,0.26998583
7936000,19862068,9972734,9961762,7138556,2567026,2142788,2.502780746,1.256644909,1.255262349,0.899515625,0.323465978,0.270008569
7968000,19941720,10015232,10003870,7189928,2579676,2151182,2.502725904,1.256931727,1.255505773,0.902350402,0.323754518,0.269977661
8000000,20031716,10052340,10041410,7199898,2587482,2158584,2.5039645,1.2565425,1.25517625,0.89998725,0.32343525,0.269823
8032000,20105502,10105692,10081922,7229538,2594760,2167822,2.50317505,1.258178785,1.255219373,0.900091882,0.323052789,0.269898157
8064000,20185950,10141910,10121636,7269684,2610370,2176120,2.503218006,1.257677331,1.255163194,0.901498512,0.323706597,0.269856151
8096000,20263594,10182004,10161902,7262688,2619336,2189680,2.502914279,1.257658597,1.255175642,0.897071146,0.323534585,0.270464427
8128000,20343106,10213644,10209754,7328842,2626768,2198968,2.502842766,1.256599902,1.256121309,0.901678396,0.323175197,0.270542323
8160000,20423096,10257070,10255412,7347966,2641472,2207368,2.502830392,1.256993873,1.256790686,0.900486029,0.323709804,0.270510784
8192000,20503514,10292428,10297036,7413190,2649050,2218486,2.502870361,1.256399902,1.256962402,0.90493042,0.323370361,0.270811279
8224000,20586338,10334910,10323426,7422416,2653370,2224434,2.503202578,1.2566768,1.255280399,0.902531128,0.322637403,0.270480788
8256000,20666082,10376258,10363126,7456614,2671286,2233622,2.503159157,1.256814196,1.255223595,0.903175145,0.323556928,0.2705453
8288000,20747780,10411740,10405254,7462554,2681394,2239618,2.503351834,1.256242761,1.255460183,0.900404681,0.323527268,0.27022418
8320000,20826778,10450896,10440682,7467820,2688252,2251112,2.50321851,1.256117308,1.254889663,0.897574519,0.323107212,0.270566346
8352000,20904182,10493492,10484232,7510622,2702420,2257942,2.502895354,1.256404693,1.255295977,0.899260297,0.323565613,0.270347462
8384000,20989176,10533392,10522142,7559480,2708214,2265222,2.503479962,1.256368321,1.255026479,0.901655534,0.323021708,0.270183922
8416000,21066464,10575722,10561838,7568802,2717574,2274832,2.503144487,1.25662096,1.254971245,0.899334838,0.322905656,0.270298479
8448000,21145978,10611760,10604106,7631876,2728142,2285536,2.503075047,1.256126894,1.255220881,0.903394413,0.322933475,0.270541667
8480000,21223216,10651738,10645738,7609416,2738018,2290420,2.502737736,1.256101179,1.255393632,0.897336792,0.322879481,0.270096698
8512000,21306844,10698102,10681856,7674332,2746180,2300100,2.503153665,1.256825893,1.254917293,0.901589756,0.32262453,0.270218515
8544000,21386884,10732504,10721292,7681576,2761038,2308182,2.503146536,1.256145131,1.254832865,0.899060861,0.323155197,0.270152388
8576000,21467470,10771598,10764124,7728804,2769378,2316730,2.503203125,1.256016558,1.255145056,0.901213153,0.322921875,0.270141091
8608000,21546662,10817248,10802072,7754410,2783088,2324870,2.503097351,1.256650558,1.254887546,0.900837593,0.323314126,0.270082481
8640000,21628936,10850438,10844502,7769578,2789294,2335874,2.503349074,1.255837731,1.255150694,0.899256713,0.322834954,0.270355787
8672000,21709454,10895534,10882082,7813698,2802192,2341330,2.503396448,1.256403828,1.254852629,0.901026061,0.323130996,0.269987315
8704000,21787018,10931826,10924084,7810402,2813132,2350804,2.50310409,1.255954274,1.255064798,0.897334789,0.323199908,0.27008318
8736000,21865740,10976236,10962464,7836112,2818934,2358372,2.502946429,1.256437271,1.254860806,0.896990842,0.322680174,0.269960165
8768000,21949044,11012240,11004172,7902096,2831264,2366770,2.5033125,1.255958029,1.255037865,0.901242701,0.322908759,0.26993271
8800000,22027210,11055170,11041978,7890256,2839000,2375406,2.503092045,1.256269318,1.254770227,0.89662,0.322613636,0.2699325
8832000,22106042,11093758,11084666,7917080,2850482,2386854,2.502948596,1.25608673,1.255057292,0.896408514,0.322744792,0.270250679
8864000,22190086,11134644,11120750,7952426,2860916,2391280,2.503394179,1.256164711,1.254597247,0.897159973,0.322756769,0.269774368
8896000,22270280,11172738,11164946,7975616,2868424,2400760,2.503403777,1.255928282,1.255052383,0.896539568,0.322439748,0.269869604
8928000,22349930,11220026,11200824,8003622,2882984,2408948,2.503352375,1.256723342,1.254572581,0.896463038,0.322914875,0.269819444
8960000,22427660,11263186,11245300,8070158,2890046,2416520,2.503087054,1.257052009,1.255055804,0.900687277,0.322549777,0.269700893
8992000,22509414,11304114,11284300,8061676,2903684,2429996,2.50327113,1.257130116,1.254926601,0.896538701,0.322918594,0.270239769
9024000,22591936,11349552,11322108,8090590,2909656,2433996,2.503539007,1.257707447,1.254666223,0.896563608,0.322435284,0.269724734
9056000,22693390,11374558,11367176,8118692,2921734,2442858,2.505895539,1.256024514,1.255209364,0.896498675,0.322629638,0.269750221
9088000,22754120,11412392,11405238,8150562,2929350,2453160,2.503754401,1.255764965,1.254977773,0.896848812,0.322331646,0.269933979
9120000,22829384,11454840,11441584,8173340,2940334,2469302,2.50322193,1.256013158,1.254559649,0.896199561,0.322405044,0.270756798
9152000,22910654,11494760,11484776,8205322,2954544,2472988,2.503349432,1.255983392,1.254892483,0.896560533,0.32283042,0.27021285
9184000,22990596,11535180,11524754,8238992,2960730,2484092,2.503331446,1.256008275,1.25487304,0.897102787,0.322379138,0.270480401
9216000,23071136,11570622,11564492,8278974,2975798,2490038,2.503378472,1.255492839,1.254827691,0.898326172,0.322894748,0.270186415
9248000,23147364,11614254,11604874,8315150,2981454,2501842,2.50295891,1.255866566,1.254852292,0.899129542,0.322389057,0.270527898
9280000,23230038,11656332,11641192,8323714,2997706,2507826,2.503236853,1.256070259,1.254438793,0.89695194,0.323028664,0.270239871
9312000,23306450,11695032,11686084,8355444,3000674,2515076,2.502840421,1.255909794,1.254948883,0.897277062,0.322237328,0.270089777
9344000,23390674,11734680,11723906,8380838,3014054,2523710,2.503282748,1.255851884,1.254698844,0.896921875,0.322565711,0.270088827
9376000,23470950,11776404,11764374,8403048,3021810,2536756,2.503300981,1.256015785,1.254732722,0.896229522,0.322292022,0.270558447
9408000,23555398,11824712,11816424,8457324,3034540,2543076,2.503762543,1.256878401,1.255997449,0.898950255,0.322548895,0.270309949
9440000,23629586,11876718,11870696,8469626,3040112,2557026,2.50313411,1.258126907,1.257488983,0.897206144,0.322045763,0.270871398
9472000,23707874,11914414,11909046,8514496,3055168,2566748,2.502942779,1.257856208,1.257289485,0.898912162,0.322547297,0.270982686
9504000,23814534,11954048,11947848,8529736,3065200,2577920,2.505738005,1.257791246,1.257138889,0.897489057,0.322516835,0.271245791
9536000,23897626,11993826,11988682,8567336,3072426,2583428,2.506042995,1.25774182,1.257202391,0.898420302,0.322192324,0.270913171
9568000,23975170,12037552,12027028,8603142,3085560,2591612,2.505766095,1.258105351,1.257005435,0.899157818,0.322487458,0.270862458
9600000,24054572,12077930,12069948,8608696,3091810,2604086,2.505684583,1.258117708,1.25728625,0.896739167,0.322063542,0.271258958
9632000,24136968,12114212,12109202,8633038,3102818,2607666,2.505914452,1.257704734,1.257184593,0.896287168,0.32213642,0.270729444
9664000,24214980,12155698,12147910,8674848,3111376,2617298,2.505689156,1.257832988,1.257027111,0.897645695,0.321955298,0.270829677
9696000,24272876,12176636,12165596,8703248,3124126,2629246,2.503390677,1.255841172,1.254702558,0.897612211,0.322207715,0.271168111
9728000,24351190,12228814,12202982,8720522,3131346,2631340,2.503206209,1.257073808,1.25441838,0.896435238,0.321890008,0.270491365
9760000,24429396,12269298,12243364,8771974,3143732,2639160,2.503011885,1.257100205,1.254443033,0.898767828,0.322103689,0.270405738
9792000,24509364,12310552,12284302,8804796,3156754,2645148,2.502998775,1.257205065,1.254524306,0.899182598,0.322380923,0.270133578
9824000,24589878,12419414,12323182,8813410,3160982,2657786,2.503041327,1.264191164,1.254395562,0.897130497,0.321761197,0.270540106
9856000,24672252,12395510,12366864,8892156,3172080,2664070,2.503272321,1.257661323,1.25475487,0.902207386,0.321842532,0.27029931
9888000,24747880,12436580,12408042,8862628,3182582,2671700,2.502819579,1.257744741,1.254858617,0.896301375,0.321863066,0.270196197
9920000,24833132,12477370,12443914,8893710,3195374,2682020,2.503339919,1.257799395,1.254426815,0.896543347,0.322114315,0.270364919
9952000,24911456,12517604,12484994,8931958,3206060,2689362,2.503160772,1.25779783,1.254521101,0.897503818,0.322152331,0.27023332
9984000,24997630,12561754,12528570,8945514,3210718,2699888,2.50376903,1.258188502,1.254864784,0.895984976,0.321586338,0.270421474
10016000,25073328,12586608,12562598,8984612,3214016,2700714,2.503327476,1.25665016,1.254252995,0.897025958,0.320888179,0.269639976
,,,,,,,,,,,,
,,,,,,,,,,,,
Wakeup delay calculated 0.072973,,,,,,,,,,,,
