dot product examples,,,,,,,,,,,,,,,,,
testing option 0,,,,,,,,,,,,,,,,,
testing option 1,,,,,,,,,,,,,,,,,
testing option 2,,,,,,,,,,,,,,,,,
testing option 3,,,,,,,,,,,,,,,,,
testing option 4,,,,,,,,,,,,,,,,,
testing option 5,,,,,,,,,,,,,,,,,
testing option 6,,,,,,,,,,,,,,,,,
testing option 7,,,,,,,,,,,,,,,,,
,,,,,,,,,,,,,,,,,
Computed dot products:,,,,,,,,,,,,,,,,,
size, dot4, dot5, dot6_2, dot6_5, dot8, dot8_2, dot8_4, dot8_8,,,,,,,,,
32,5686.4,5686.4,5686.4,5686.4,5686.4,5686.4,5431.2,5686.4,,,,,,,,,
64,39916,39916,39916,39916,39916,39916,39158,39916,,,,,,,,,
96,1.38E+05,1.38E+05,1.38E+05,1.38E+05,1.38E+05,1.38E+05,1.29E+05,1.38E+05,,,,,,,,,
128,3.24E+05,3.24E+05,3.24E+05,3.24E+05,3.24E+05,3.24E+05,3.03E+05,3.24E+05,,,,,,,,,
160,6.76E+05,6.76E+05,6.76E+05,6.76E+05,6.76E+05,6.76E+05,6.37E+05,6.76E+05,,,,,,,,,
192,1.20E+06,1.20E+06,1.20E+06,1.20E+06,1.20E+06,1.20E+06,1.13E+06,1.20E+06,,,,,,,,,
224,1.83E+06,1.83E+06,1.83E+06,1.83E+06,1.83E+06,1.83E+06,1.73E+06,1.83E+06,,,,,,,,,
256,2.64E+06,2.64E+06,2.64E+06,2.64E+06,2.64E+06,2.64E+06,2.46E+06,2.64E+06,,,,,,,,,
288,3.82E+06,3.82E+06,3.82E+06,3.82E+06,3.82E+06,3.82E+06,3.59E+06,3.82E+06,,,,,,,,,
320,5.36E+06,5.36E+06,5.36E+06,5.36E+06,5.36E+06,5.36E+06,4.92E+06,5.36E+06,,,,,,,,,
352,7.16E+06,7.16E+06,7.16E+06,7.16E+06,7.16E+06,7.16E+06,6.59E+06,7.16E+06,,,,,,,,,
384,9.27E+06,9.27E+06,9.27E+06,9.27E+06,9.27E+06,9.27E+06,8.56E+06,9.27E+06,,,,,,,,,
416,1.19E+07,1.19E+07,1.19E+07,1.19E+07,1.19E+07,1.19E+07,1.10E+07,1.19E+07,,,,,,,,,
448,1.48E+07,1.48E+07,1.48E+07,1.48E+07,1.48E+07,1.48E+07,1.37E+07,1.48E+07,,,,,,,,,
480,1.85E+07,1.85E+07,1.85E+07,1.85E+07,1.85E+07,1.85E+07,1.70E+07,1.85E+07,,,,,,,,,
512,2.27E+07,2.27E+07,2.27E+07,2.27E+07,2.27E+07,2.27E+07,2.08E+07,2.27E+07,,,,,,,,,
544,2.74E+07,2.74E+07,2.74E+07,2.74E+07,2.74E+07,2.74E+07,2.51E+07,2.74E+07,,,,,,,,,
576,3.32E+07,3.32E+07,3.32E+07,3.32E+07,3.32E+07,3.32E+07,3.07E+07,3.32E+07,,,,,,,,,
608,3.92E+07,3.92E+07,3.92E+07,3.92E+07,3.92E+07,3.92E+07,3.61E+07,3.92E+07,,,,,,,,,
640,4.49E+07,4.49E+07,4.49E+07,4.49E+07,4.49E+07,4.49E+07,4.13E+07,4.49E+07,,,,,,,,,
672,5.18E+07,5.18E+07,5.18E+07,5.18E+07,5.18E+07,5.18E+07,4.75E+07,5.18E+07,,,,,,,,,
704,6.00E+07,6.00E+07,6.00E+07,6.00E+07,6.00E+07,6.00E+07,5.48E+07,6.00E+07,,,,,,,,,
736,6.85E+07,6.85E+07,6.85E+07,6.85E+07,6.85E+07,6.85E+07,6.30E+07,6.85E+07,,,,,,,,,
768,7.71E+07,7.71E+07,7.71E+07,7.71E+07,7.71E+07,7.71E+07,7.10E+07,7.71E+07,,,,,,,,,
800,8.84E+07,8.84E+07,8.84E+07,8.84E+07,8.84E+07,8.84E+07,8.11E+07,8.84E+07,,,,,,,,,
832,9.84E+07,9.84E+07,9.84E+07,9.84E+07,9.84E+07,9.84E+07,9.07E+07,9.84E+07,,,,,,,,,
864,1.11E+08,1.11E+08,1.11E+08,1.11E+08,1.11E+08,1.11E+08,1.02E+08,1.11E+08,,,,,,,,,
896,1.20E+08,1.20E+08,1.20E+08,1.20E+08,1.20E+08,1.20E+08,1.10E+08,1.20E+08,,,,,,,,,
928,1.33E+08,1.33E+08,1.33E+08,1.33E+08,1.33E+08,1.33E+08,1.22E+08,1.33E+08,,,,,,,,,
960,1.50E+08,1.50E+08,1.50E+08,1.50E+08,1.50E+08,1.50E+08,1.37E+08,1.50E+08,,,,,,,,,
992,1.65E+08,1.65E+08,1.65E+08,1.65E+08,1.65E+08,1.65E+08,1.52E+08,1.65E+08,,,,,,,,,
1024,1.82E+08,1.82E+08,1.82E+08,1.82E+08,1.82E+08,1.82E+08,1.66E+08,1.82E+08,,,,,,,,,
1056,1.98E+08,1.98E+08,1.98E+08,1.98E+08,1.98E+08,1.98E+08,1.82E+08,1.98E+08,,,,,,,,,
1088,2.16E+08,2.16E+08,2.16E+08,2.16E+08,2.16E+08,2.16E+08,1.99E+08,2.16E+08,,,,,,,,,
1120,2.38E+08,2.38E+08,2.38E+08,2.38E+08,2.38E+08,2.38E+08,2.19E+08,2.38E+08,,,,,,,,,
1152,2.60E+08,2.60E+08,2.60E+08,2.60E+08,2.60E+08,2.60E+08,2.39E+08,2.60E+08,,,,,,,,,
1184,2.83E+08,2.83E+08,2.83E+08,2.83E+08,2.83E+08,2.83E+08,2.60E+08,2.83E+08,,,,,,,,,
1216,3.04E+08,3.04E+08,3.04E+08,3.04E+08,3.04E+08,3.04E+08,2.78E+08,3.04E+08,,,,,,,,,
1248,3.29E+08,3.29E+08,3.29E+08,3.29E+08,3.29E+08,3.29E+08,3.02E+08,3.29E+08,,,,,,,,,
1280,3.55E+08,3.55E+08,3.55E+08,3.55E+08,3.55E+08,3.55E+08,3.27E+08,3.55E+08,,,,,,,,,
1312,3.81E+08,3.81E+08,3.81E+08,3.81E+08,3.81E+08,3.81E+08,3.49E+08,3.81E+08,,,,,,,,,
1344,4.09E+08,4.09E+08,4.09E+08,4.09E+08,4.09E+08,4.09E+08,3.76E+08,4.09E+08,,,,,,,,,
1376,4.44E+08,4.44E+08,4.44E+08,4.44E+08,4.44E+08,4.44E+08,4.08E+08,4.44E+08,,,,,,,,,
1408,4.76E+08,4.76E+08,4.76E+08,4.76E+08,4.76E+08,4.76E+08,4.37E+08,4.76E+08,,,,,,,,,
1440,5.08E+08,5.08E+08,5.08E+08,5.08E+08,5.08E+08,5.08E+08,4.67E+08,5.08E+08,,,,,,,,,
1472,5.42E+08,5.42E+08,5.42E+08,5.42E+08,5.42E+08,5.42E+08,4.99E+08,5.42E+08,,,,,,,,,
1504,5.81E+08,5.81E+08,5.81E+08,5.81E+08,5.81E+08,5.81E+08,5.35E+08,5.81E+08,,,,,,,,,
1536,6.12E+08,6.12E+08,6.12E+08,6.12E+08,6.12E+08,6.12E+08,5.62E+08,6.12E+08,,,,,,,,,
1568,6.48E+08,6.48E+08,6.48E+08,6.48E+08,6.48E+08,6.48E+08,5.94E+08,6.48E+08,,,,,,,,,
1600,6.90E+08,6.90E+08,6.90E+08,6.90E+08,6.90E+08,6.90E+08,6.34E+08,6.90E+08,,,,,,,,,
1632,7.27E+08,7.27E+08,7.27E+08,7.27E+08,7.27E+08,7.27E+08,6.68E+08,7.27E+08,,,,,,,,,
1664,7.74E+08,7.74E+08,7.74E+08,7.74E+08,7.74E+08,7.74E+08,7.13E+08,7.74E+08,,,,,,,,,
1696,8.12E+08,8.12E+08,8.12E+08,8.12E+08,8.12E+08,8.12E+08,7.48E+08,8.12E+08,,,,,,,,,
1728,8.59E+08,8.59E+08,8.59E+08,8.59E+08,8.59E+08,8.59E+08,7.92E+08,8.59E+08,,,,,,,,,
1760,9.06E+08,9.06E+08,9.06E+08,9.06E+08,9.06E+08,9.06E+08,8.34E+08,9.06E+08,,,,,,,,,
1792,9.44E+08,9.44E+08,9.44E+08,9.44E+08,9.44E+08,9.44E+08,8.68E+08,9.44E+08,,,,,,,,,
1824,9.95E+08,9.95E+08,9.95E+08,9.95E+08,9.95E+08,9.95E+08,9.15E+08,9.95E+08,,,,,,,,,
1856,1.05E+09,1.05E+09,1.05E+09,1.05E+09,1.05E+09,1.05E+09,9.65E+08,1.05E+09,,,,,,,,,
1888,1.11E+09,1.11E+09,1.11E+09,1.11E+09,1.11E+09,1.11E+09,1.02E+09,1.11E+09,,,,,,,,,
1920,1.16E+09,1.16E+09,1.16E+09,1.16E+09,1.16E+09,1.16E+09,1.07E+09,1.16E+09,,,,,,,,,
1952,1.22E+09,1.22E+09,1.22E+09,1.22E+09,1.22E+09,1.22E+09,1.12E+09,1.22E+09,,,,,,,,,
1984,1.28E+09,1.28E+09,1.28E+09,1.28E+09,1.28E+09,1.28E+09,1.17E+09,1.28E+09,,,,,,,,,
2016,1.34E+09,1.34E+09,1.34E+09,1.34E+09,1.34E+09,1.34E+09,1.23E+09,1.34E+09,,,,,,,,,
2048,1.41E+09,1.41E+09,1.41E+09,1.41E+09,1.41E+09,1.41E+09,1.29E+09,1.41E+09,,,,,,,,,
2080,1.47E+09,1.47E+09,1.47E+09,1.47E+09,1.47E+09,1.47E+09,1.35E+09,1.47E+09,,,,,,,,,
2112,1.54E+09,1.54E+09,1.54E+09,1.54E+09,1.54E+09,1.54E+09,1.42E+09,1.54E+09,,,,,,,,,
2144,1.62E+09,1.62E+09,1.62E+09,1.62E+09,1.62E+09,1.62E+09,1.48E+09,1.62E+09,,,,,,,,,
2176,1.69E+09,1.69E+09,1.69E+09,1.69E+09,1.69E+09,1.69E+09,1.55E+09,1.69E+09,,,,,,,,,
2208,1.76E+09,1.76E+09,1.76E+09,1.76E+09,1.76E+09,1.76E+09,1.62E+09,1.76E+09,,,,,,,,,
2240,1.83E+09,1.83E+09,1.83E+09,1.83E+09,1.83E+09,1.83E+09,1.67E+09,1.83E+09,,,,,,,,,
2272,1.91E+09,1.91E+09,1.91E+09,1.91E+09,1.91E+09,1.91E+09,1.75E+09,1.91E+09,,,,,,,,,
2304,1.99E+09,1.99E+09,1.99E+09,1.99E+09,1.99E+09,1.99E+09,1.83E+09,1.99E+09,,,,,,,,,
2336,2.08E+09,2.08E+09,2.08E+09,2.08E+09,2.08E+09,2.08E+09,1.90E+09,2.08E+09,,,,,,,,,
2368,2.15E+09,2.15E+09,2.15E+09,2.15E+09,2.15E+09,2.15E+09,1.97E+09,2.15E+09,,,,,,,,,
2400,2.25E+09,2.25E+09,2.25E+09,2.25E+09,2.25E+09,2.25E+09,2.06E+09,2.25E+09,,,,,,,,,
2432,2.33E+09,2.33E+09,2.33E+09,2.33E+09,2.33E+09,2.33E+09,2.13E+09,2.33E+09,,,,,,,,,
2464,2.43E+09,2.43E+09,2.43E+09,2.43E+09,2.43E+09,2.43E+09,2.22E+09,2.43E+09,,,,,,,,,
2496,2.53E+09,2.53E+09,2.53E+09,2.53E+09,2.53E+09,2.53E+09,2.31E+09,2.53E+09,,,,,,,,,
2528,2.62E+09,2.62E+09,2.62E+09,2.62E+09,2.62E+09,2.62E+09,2.40E+09,2.62E+09,,,,,,,,,
2560,2.74E+09,2.74E+09,2.74E+09,2.74E+09,2.74E+09,2.74E+09,2.51E+09,2.74E+09,,,,,,,,,
2592,2.85E+09,2.85E+09,2.85E+09,2.85E+09,2.85E+09,2.85E+09,2.61E+09,2.85E+09,,,,,,,,,
2624,2.97E+09,2.97E+09,2.97E+09,2.97E+09,2.97E+09,2.97E+09,2.72E+09,2.97E+09,,,,,,,,,
2656,3.07E+09,3.07E+09,3.07E+09,3.07E+09,3.07E+09,3.07E+09,2.81E+09,3.07E+09,,,,,,,,,
2688,3.18E+09,3.18E+09,3.18E+09,3.18E+09,3.18E+09,3.18E+09,2.91E+09,3.18E+09,,,,,,,,,
2720,3.32E+09,3.32E+09,3.32E+09,3.32E+09,3.32E+09,3.32E+09,3.04E+09,3.32E+09,,,,,,,,,
2752,3.45E+09,3.45E+09,3.45E+09,3.45E+09,3.45E+09,3.45E+09,3.16E+09,3.45E+09,,,,,,,,,
2784,3.57E+09,3.57E+09,3.57E+09,3.57E+09,3.57E+09,3.57E+09,3.28E+09,3.57E+09,,,,,,,,,
2816,3.69E+09,3.69E+09,3.69E+09,3.69E+09,3.69E+09,3.69E+09,3.37E+09,3.69E+09,,,,,,,,,
2848,3.80E+09,3.80E+09,3.80E+09,3.80E+09,3.80E+09,3.80E+09,3.48E+09,3.80E+09,,,,,,,,,
2880,3.94E+09,3.94E+09,3.94E+09,3.94E+09,3.94E+09,3.94E+09,3.61E+09,3.94E+09,,,,,,,,,
2912,4.09E+09,4.09E+09,4.09E+09,4.09E+09,4.09E+09,4.09E+09,3.74E+09,4.09E+09,,,,,,,,,
2944,4.24E+09,4.24E+09,4.24E+09,4.24E+09,4.24E+09,4.24E+09,3.89E+09,4.24E+09,,,,,,,,,
2976,4.37E+09,4.37E+09,4.37E+09,4.37E+09,4.37E+09,4.37E+09,4.00E+09,4.37E+09,,,,,,,,,
3008,4.51E+09,4.51E+09,4.51E+09,4.51E+09,4.51E+09,4.51E+09,4.14E+09,4.51E+09,,,,,,,,,
3040,4.65E+09,4.65E+09,4.65E+09,4.65E+09,4.65E+09,4.65E+09,4.26E+09,4.65E+09,,,,,,,,,
3072,4.79E+09,4.79E+09,4.79E+09,4.79E+09,4.79E+09,4.79E+09,4.40E+09,4.79E+09,,,,,,,,,
3104,4.93E+09,4.93E+09,4.93E+09,4.93E+09,4.93E+09,4.93E+09,4.52E+09,4.93E+09,,,,,,,,,
3136,5.08E+09,5.08E+09,5.08E+09,5.08E+09,5.08E+09,5.08E+09,4.65E+09,5.08E+09,,,,,,,,,
3168,5.21E+09,5.21E+09,5.21E+09,5.21E+09,5.21E+09,5.21E+09,4.77E+09,5.21E+09,,,,,,,,,
3200,5.37E+09,5.37E+09,5.37E+09,5.37E+09,5.37E+09,5.37E+09,4.92E+09,5.37E+09,,,,,,,,,
3232,5.54E+09,5.54E+09,5.54E+09,5.54E+09,5.54E+09,5.54E+09,5.07E+09,5.54E+09,,,,,,,,,
3264,5.72E+09,5.72E+09,5.72E+09,5.72E+09,5.72E+09,5.72E+09,5.25E+09,5.72E+09,,,,,,,,,
3296,5.90E+09,5.90E+09,5.90E+09,5.90E+09,5.90E+09,5.90E+09,5.41E+09,5.90E+09,,,,,,,,,
3328,6.10E+09,6.10E+09,6.10E+09,6.10E+09,6.10E+09,6.10E+09,5.60E+09,6.10E+09,,,,,,,,,
3360,6.25E+09,6.25E+09,6.25E+09,6.25E+09,6.25E+09,6.25E+09,5.73E+09,6.25E+09,,,,,,,,,
3392,6.45E+09,6.45E+09,6.45E+09,6.45E+09,6.45E+09,6.45E+09,5.91E+09,6.45E+09,,,,,,,,,
3424,6.62E+09,6.62E+09,6.62E+09,6.62E+09,6.62E+09,6.62E+09,6.07E+09,6.62E+09,,,,,,,,,
3456,6.79E+09,6.79E+09,6.79E+09,6.79E+09,6.79E+09,6.79E+09,6.22E+09,6.79E+09,,,,,,,,,
3488,6.98E+09,6.98E+09,6.98E+09,6.98E+09,6.98E+09,6.98E+09,6.41E+09,6.98E+09,,,,,,,,,
3520,7.20E+09,7.20E+09,7.20E+09,7.20E+09,7.20E+09,7.20E+09,6.61E+09,7.20E+09,,,,,,,,,
3552,7.46E+09,7.46E+09,7.46E+09,7.46E+09,7.46E+09,7.46E+09,6.86E+09,7.46E+09,,,,,,,,,
3584,7.72E+09,7.72E+09,7.72E+09,7.72E+09,7.72E+09,7.72E+09,7.09E+09,7.72E+09,,,,,,,,,
3616,7.89E+09,7.89E+09,7.89E+09,7.89E+09,7.89E+09,7.89E+09,7.25E+09,7.89E+09,,,,,,,,,
3648,8.12E+09,8.12E+09,8.12E+09,8.12E+09,8.12E+09,8.12E+09,7.46E+09,8.12E+09,,,,,,,,,
3680,8.37E+09,8.37E+09,8.37E+09,8.37E+09,8.37E+09,8.37E+09,7.68E+09,8.37E+09,,,,,,,,,
3712,8.62E+09,8.62E+09,8.62E+09,8.62E+09,8.62E+09,8.62E+09,7.91E+09,8.62E+09,,,,,,,,,
3744,8.82E+09,8.82E+09,8.82E+09,8.82E+09,8.82E+09,8.82E+09,8.10E+09,8.82E+09,,,,,,,,,
3776,9.03E+09,9.03E+09,9.03E+09,9.03E+09,9.03E+09,9.03E+09,8.29E+09,9.03E+09,,,,,,,,,
3808,9.27E+09,9.27E+09,9.27E+09,9.27E+09,9.27E+09,9.27E+09,8.51E+09,9.27E+09,,,,,,,,,
3840,9.47E+09,9.47E+09,9.47E+09,9.47E+09,9.47E+09,9.47E+09,8.69E+09,9.47E+09,,,,,,,,,
3872,9.76E+09,9.76E+09,9.76E+09,9.76E+09,9.76E+09,9.76E+09,8.96E+09,9.76E+09,,,,,,,,,
3904,9.99E+09,9.99E+09,9.99E+09,9.99E+09,9.99E+09,9.99E+09,9.17E+09,9.99E+09,,,,,,,,,
3936,1.03E+10,1.03E+10,1.03E+10,1.03E+10,1.03E+10,1.03E+10,9.40E+09,1.03E+10,,,,,,,,,
3968,1.05E+10,1.05E+10,1.05E+10,1.05E+10,1.05E+10,1.05E+10,9.66E+09,1.05E+10,,,,,,,,,
4000,1.08E+10,1.08E+10,1.08E+10,1.08E+10,1.08E+10,1.08E+10,9.96E+09,1.08E+10,,,,,,,,,
4032,1.11E+10,1.11E+10,1.11E+10,1.11E+10,1.11E+10,1.11E+10,1.02E+10,1.11E+10,,,,,,,,,
4064,1.14E+10,1.14E+10,1.14E+10,1.14E+10,1.14E+10,1.14E+10,1.05E+10,1.14E+10,,,,,,,,,
4096,1.17E+10,1.17E+10,1.17E+10,1.17E+10,1.17E+10,1.17E+10,1.07E+10,1.17E+10,,,,,,,,,
4128,1.19E+10,1.19E+10,1.19E+10,1.19E+10,1.19E+10,1.19E+10,1.10E+10,1.19E+10,,,,,,,,,
4160,1.22E+10,1.22E+10,1.22E+10,1.22E+10,1.22E+10,1.22E+10,1.12E+10,1.22E+10,,,,,,,,,
4192,1.24E+10,1.24E+10,1.24E+10,1.24E+10,1.24E+10,1.24E+10,1.14E+10,1.24E+10,,,,,,,,,
4224,1.27E+10,1.27E+10,1.27E+10,1.27E+10,1.27E+10,1.27E+10,1.17E+10,1.27E+10,,,,,,,,,
4256,1.30E+10,1.30E+10,1.30E+10,1.30E+10,1.30E+10,1.30E+10,1.19E+10,1.30E+10,,,,,,,,,
4288,1.33E+10,1.33E+10,1.33E+10,1.33E+10,1.33E+10,1.33E+10,1.22E+10,1.33E+10,,,,,,,,,
4320,1.36E+10,1.36E+10,1.36E+10,1.36E+10,1.36E+10,1.36E+10,1.25E+10,1.36E+10,,,,,,,,,
4352,1.39E+10,1.39E+10,1.39E+10,1.39E+10,1.39E+10,1.39E+10,1.27E+10,1.39E+10,,,,,,,,,
4384,1.42E+10,1.42E+10,1.42E+10,1.42E+10,1.42E+10,1.42E+10,1.30E+10,1.42E+10,,,,,,,,,
4416,1.45E+10,1.45E+10,1.45E+10,1.45E+10,1.45E+10,1.45E+10,1.33E+10,1.45E+10,,,,,,,,,
4448,1.49E+10,1.49E+10,1.49E+10,1.49E+10,1.49E+10,1.49E+10,1.37E+10,1.49E+10,,,,,,,,,
4480,1.52E+10,1.52E+10,1.52E+10,1.52E+10,1.52E+10,1.52E+10,1.40E+10,1.52E+10,,,,,,,,,
4512,1.55E+10,1.55E+10,1.55E+10,1.55E+10,1.55E+10,1.55E+10,1.43E+10,1.55E+10,,,,,,,,,
4544,1.58E+10,1.58E+10,1.58E+10,1.58E+10,1.58E+10,1.58E+10,1.46E+10,1.58E+10,,,,,,,,,
4576,1.62E+10,1.62E+10,1.62E+10,1.62E+10,1.62E+10,1.62E+10,1.49E+10,1.62E+10,,,,,,,,,
4608,1.65E+10,1.65E+10,1.65E+10,1.65E+10,1.65E+10,1.65E+10,1.52E+10,1.65E+10,,,,,,,,,
4640,1.68E+10,1.68E+10,1.68E+10,1.68E+10,1.68E+10,1.68E+10,1.55E+10,1.68E+10,,,,,,,,,
4672,1.72E+10,1.72E+10,1.72E+10,1.72E+10,1.72E+10,1.72E+10,1.58E+10,1.72E+10,,,,,,,,,
4704,1.75E+10,1.75E+10,1.75E+10,1.75E+10,1.75E+10,1.75E+10,1.61E+10,1.75E+10,,,,,,,,,
4736,1.79E+10,1.79E+10,1.79E+10,1.79E+10,1.79E+10,1.79E+10,1.65E+10,1.79E+10,,,,,,,,,
4768,1.83E+10,1.83E+10,1.83E+10,1.83E+10,1.83E+10,1.83E+10,1.68E+10,1.83E+10,,,,,,,,,
4800,1.86E+10,1.86E+10,1.86E+10,1.86E+10,1.86E+10,1.86E+10,1.72E+10,1.86E+10,,,,,,,,,
4832,1.90E+10,1.90E+10,1.90E+10,1.90E+10,1.90E+10,1.90E+10,1.75E+10,1.90E+10,,,,,,,,,
4864,1.94E+10,1.94E+10,1.94E+10,1.94E+10,1.94E+10,1.94E+10,1.78E+10,1.94E+10,,,,,,,,,
4896,1.98E+10,1.98E+10,1.98E+10,1.98E+10,1.98E+10,1.98E+10,1.82E+10,1.98E+10,,,,,,,,,
4928,2.02E+10,2.02E+10,2.02E+10,2.02E+10,2.02E+10,2.02E+10,1.86E+10,2.02E+10,,,,,,,,,
4960,2.06E+10,2.06E+10,2.06E+10,2.06E+10,2.06E+10,2.06E+10,1.89E+10,2.06E+10,,,,,,,,,
4992,2.10E+10,2.10E+10,2.10E+10,2.10E+10,2.10E+10,2.10E+10,1.93E+10,2.10E+10,,,,,,,,,
5024,2.13E+10,2.13E+10,2.13E+10,2.13E+10,2.13E+10,2.13E+10,1.96E+10,2.13E+10,,,,,,,,,
5056,2.17E+10,2.17E+10,2.17E+10,2.17E+10,2.17E+10,2.17E+10,2.00E+10,2.17E+10,,,,,,,,,
5088,2.21E+10,2.21E+10,2.21E+10,2.21E+10,2.21E+10,2.21E+10,2.03E+10,2.21E+10,,,,,,,,,
5120,2.25E+10,2.25E+10,2.25E+10,2.25E+10,2.25E+10,2.25E+10,2.07E+10,2.25E+10,,,,,,,,,
5152,2.29E+10,2.29E+10,2.29E+10,2.29E+10,2.29E+10,2.29E+10,2.10E+10,2.29E+10,,,,,,,,,
5184,2.33E+10,2.33E+10,2.33E+10,2.33E+10,2.33E+10,2.33E+10,2.14E+10,2.33E+10,,,,,,,,,
5216,2.37E+10,2.37E+10,2.37E+10,2.37E+10,2.37E+10,2.37E+10,2.18E+10,2.37E+10,,,,,,,,,
5248,2.41E+10,2.41E+10,2.41E+10,2.41E+10,2.41E+10,2.41E+10,2.21E+10,2.41E+10,,,,,,,,,
5280,2.45E+10,2.45E+10,2.45E+10,2.45E+10,2.45E+10,2.45E+10,2.25E+10,2.45E+10,,,,,,,,,
5312,2.49E+10,2.49E+10,2.49E+10,2.49E+10,2.49E+10,2.49E+10,2.28E+10,2.49E+10,,,,,,,,,
5344,2.53E+10,2.53E+10,2.53E+10,2.53E+10,2.53E+10,2.53E+10,2.33E+10,2.53E+10,,,,,,,,,
5376,2.58E+10,2.58E+10,2.58E+10,2.58E+10,2.58E+10,2.58E+10,2.37E+10,2.58E+10,,,,,,,,,
5408,2.62E+10,2.62E+10,2.62E+10,2.62E+10,2.62E+10,2.62E+10,2.41E+10,2.62E+10,,,,,,,,,
5440,2.67E+10,2.67E+10,2.67E+10,2.67E+10,2.67E+10,2.67E+10,2.45E+10,2.67E+10,,,,,,,,,
5472,2.72E+10,2.72E+10,2.72E+10,2.72E+10,2.72E+10,2.72E+10,2.50E+10,2.72E+10,,,,,,,,,
5504,2.77E+10,2.77E+10,2.77E+10,2.77E+10,2.77E+10,2.77E+10,2.54E+10,2.77E+10,,,,,,,,,
5536,2.81E+10,2.81E+10,2.81E+10,2.81E+10,2.81E+10,2.81E+10,2.58E+10,2.81E+10,,,,,,,,,
5568,2.86E+10,2.86E+10,2.86E+10,2.86E+10,2.86E+10,2.86E+10,2.63E+10,2.86E+10,,,,,,,,,
5600,2.91E+10,2.91E+10,2.91E+10,2.91E+10,2.91E+10,2.91E+10,2.67E+10,2.91E+10,,,,,,,,,
5632,2.96E+10,2.96E+10,2.96E+10,2.96E+10,2.96E+10,2.96E+10,2.72E+10,2.96E+10,,,,,,,,,
5664,3.00E+10,3.00E+10,3.00E+10,3.00E+10,3.00E+10,3.00E+10,2.75E+10,3.00E+10,,,,,,,,,
5696,3.05E+10,3.05E+10,3.05E+10,3.05E+10,3.05E+10,3.05E+10,2.80E+10,3.05E+10,,,,,,,,,
5728,3.11E+10,3.11E+10,3.11E+10,3.11E+10,3.11E+10,3.11E+10,2.86E+10,3.11E+10,,,,,,,,,
5760,3.16E+10,3.16E+10,3.16E+10,3.16E+10,3.16E+10,3.16E+10,2.91E+10,3.16E+10,,,,,,,,,
5792,3.23E+10,3.23E+10,3.23E+10,3.23E+10,3.23E+10,3.23E+10,2.97E+10,3.23E+10,,,,,,,,,
5824,3.27E+10,3.27E+10,3.27E+10,3.27E+10,3.27E+10,3.27E+10,3.01E+10,3.27E+10,,,,,,,,,
5856,3.32E+10,3.32E+10,3.32E+10,3.32E+10,3.32E+10,3.32E+10,3.05E+10,3.32E+10,,,,,,,,,
5888,3.37E+10,3.37E+10,3.37E+10,3.37E+10,3.37E+10,3.37E+10,3.10E+10,3.37E+10,,,,,,,,,
5920,3.43E+10,3.43E+10,3.43E+10,3.43E+10,3.43E+10,3.43E+10,3.15E+10,3.43E+10,,,,,,,,,
5952,3.48E+10,3.48E+10,3.48E+10,3.48E+10,3.48E+10,3.48E+10,3.20E+10,3.48E+10,,,,,,,,,
5984,3.54E+10,3.54E+10,3.54E+10,3.54E+10,3.54E+10,3.54E+10,3.25E+10,3.54E+10,,,,,,,,,
6016,3.60E+10,3.60E+10,3.60E+10,3.60E+10,3.60E+10,3.60E+10,3.30E+10,3.60E+10,,,,,,,,,
6048,3.65E+10,3.65E+10,3.65E+10,3.65E+10,3.65E+10,3.65E+10,3.36E+10,3.65E+10,,,,,,,,,
6080,3.73E+10,3.73E+10,3.73E+10,3.73E+10,3.73E+10,3.73E+10,3.43E+10,3.73E+10,,,,,,,,,
6112,3.78E+10,3.78E+10,3.78E+10,3.78E+10,3.78E+10,3.78E+10,3.48E+10,3.78E+10,,,,,,,,,
6144,3.83E+10,3.83E+10,3.83E+10,3.83E+10,3.83E+10,3.83E+10,3.52E+10,3.83E+10,,,,,,,,,
6176,3.88E+10,3.88E+10,3.88E+10,3.88E+10,3.88E+10,3.88E+10,3.57E+10,3.88E+10,,,,,,,,,
6208,3.95E+10,3.95E+10,3.95E+10,3.95E+10,3.95E+10,3.95E+10,3.63E+10,3.95E+10,,,,,,,,,
6240,4.01E+10,4.01E+10,4.01E+10,4.01E+10,4.01E+10,4.01E+10,3.68E+10,4.01E+10,,,,,,,,,
6272,4.06E+10,4.06E+10,4.06E+10,4.06E+10,4.06E+10,4.06E+10,3.73E+10,4.06E+10,,,,,,,,,
6304,4.12E+10,4.12E+10,4.12E+10,4.12E+10,4.12E+10,4.12E+10,3.78E+10,4.12E+10,,,,,,,,,
6336,4.19E+10,4.19E+10,4.19E+10,4.19E+10,4.19E+10,4.19E+10,3.84E+10,4.19E+10,,,,,,,,,
6368,4.26E+10,4.26E+10,4.26E+10,4.26E+10,4.26E+10,4.26E+10,3.91E+10,4.26E+10,,,,,,,,,
6400,4.32E+10,4.32E+10,4.32E+10,4.32E+10,4.32E+10,4.32E+10,3.97E+10,4.32E+10,,,,,,,,,
6432,4.39E+10,4.39E+10,4.39E+10,4.39E+10,4.39E+10,4.39E+10,4.03E+10,4.39E+10,,,,,,,,,
6464,4.46E+10,4.46E+10,4.46E+10,4.46E+10,4.46E+10,4.46E+10,4.09E+10,4.46E+10,,,,,,,,,
6496,4.52E+10,4.52E+10,4.52E+10,4.52E+10,4.52E+10,4.52E+10,4.15E+10,4.52E+10,,,,,,,,,
6528,4.58E+10,4.58E+10,4.58E+10,4.58E+10,4.58E+10,4.58E+10,4.21E+10,4.58E+10,,,,,,,,,
6560,4.64E+10,4.64E+10,4.64E+10,4.64E+10,4.64E+10,4.64E+10,4.26E+10,4.64E+10,,,,,,,,,
6592,4.71E+10,4.71E+10,4.71E+10,4.71E+10,4.71E+10,4.71E+10,4.33E+10,4.71E+10,,,,,,,,,
6624,4.77E+10,4.77E+10,4.77E+10,4.77E+10,4.77E+10,4.77E+10,4.38E+10,4.77E+10,,,,,,,,,
6656,4.83E+10,4.83E+10,4.83E+10,4.83E+10,4.83E+10,4.83E+10,4.43E+10,4.83E+10,,,,,,,,,
6688,4.91E+10,4.91E+10,4.91E+10,4.91E+10,4.91E+10,4.91E+10,4.50E+10,4.91E+10,,,,,,,,,
6720,4.98E+10,4.98E+10,4.98E+10,4.98E+10,4.98E+10,4.98E+10,4.57E+10,4.98E+10,,,,,,,,,
6752,5.05E+10,5.05E+10,5.05E+10,5.05E+10,5.05E+10,5.05E+10,4.63E+10,5.05E+10,,,,,,,,,
6784,5.11E+10,5.11E+10,5.11E+10,5.11E+10,5.11E+10,5.11E+10,4.69E+10,5.11E+10,,,,,,,,,
6816,5.19E+10,5.19E+10,5.19E+10,5.19E+10,5.19E+10,5.19E+10,4.76E+10,5.19E+10,,,,,,,,,
6848,5.27E+10,5.27E+10,5.27E+10,5.27E+10,5.27E+10,5.27E+10,4.84E+10,5.27E+10,,,,,,,,,
6880,5.35E+10,5.35E+10,5.35E+10,5.35E+10,5.35E+10,5.35E+10,4.91E+10,5.35E+10,,,,,,,,,
6912,5.43E+10,5.43E+10,5.43E+10,5.43E+10,5.43E+10,5.43E+10,4.98E+10,5.43E+10,,,,,,,,,
6944,5.50E+10,5.50E+10,5.50E+10,5.50E+10,5.50E+10,5.50E+10,5.04E+10,5.50E+10,,,,,,,,,
6976,5.58E+10,5.58E+10,5.58E+10,5.58E+10,5.58E+10,5.58E+10,5.12E+10,5.58E+10,,,,,,,,,
7008,5.66E+10,5.66E+10,5.66E+10,5.66E+10,5.66E+10,5.66E+10,5.19E+10,5.66E+10,,,,,,,,,
7040,5.74E+10,5.74E+10,5.74E+10,5.74E+10,5.74E+10,5.74E+10,5.27E+10,5.74E+10,,,,,,,,,
7072,5.82E+10,5.82E+10,5.82E+10,5.82E+10,5.82E+10,5.82E+10,5.34E+10,5.82E+10,,,,,,,,,
7104,5.90E+10,5.90E+10,5.90E+10,5.90E+10,5.90E+10,5.90E+10,5.40E+10,5.90E+10,,,,,,,,,
7136,5.97E+10,5.97E+10,5.97E+10,5.97E+10,5.97E+10,5.97E+10,5.48E+10,5.97E+10,,,,,,,,,
7168,6.07E+10,6.07E+10,6.07E+10,6.07E+10,6.07E+10,6.07E+10,5.57E+10,6.07E+10,,,,,,,,,
7200,6.17E+10,6.17E+10,6.17E+10,6.17E+10,6.17E+10,6.17E+10,5.66E+10,6.17E+10,,,,,,,,,
7232,6.24E+10,6.24E+10,6.24E+10,6.24E+10,6.24E+10,6.24E+10,5.72E+10,6.24E+10,,,,,,,,,
7264,6.32E+10,6.32E+10,6.32E+10,6.32E+10,6.32E+10,6.32E+10,5.79E+10,6.32E+10,,,,,,,,,
7296,6.41E+10,6.41E+10,6.41E+10,6.41E+10,6.41E+10,6.41E+10,5.87E+10,6.41E+10,,,,,,,,,
7328,6.49E+10,6.49E+10,6.49E+10,6.49E+10,6.49E+10,6.49E+10,5.96E+10,6.49E+10,,,,,,,,,
7360,6.58E+10,6.58E+10,6.58E+10,6.58E+10,6.58E+10,6.58E+10,6.04E+10,6.58E+10,,,,,,,,,
7392,6.67E+10,6.67E+10,6.67E+10,6.67E+10,6.67E+10,6.67E+10,6.11E+10,6.67E+10,,,,,,,,,
7424,6.74E+10,6.74E+10,6.74E+10,6.74E+10,6.74E+10,6.74E+10,6.18E+10,6.74E+10,,,,,,,,,
7456,6.83E+10,6.83E+10,6.83E+10,6.83E+10,6.83E+10,6.83E+10,6.26E+10,6.83E+10,,,,,,,,,
7488,6.93E+10,6.93E+10,6.93E+10,6.93E+10,6.93E+10,6.93E+10,6.35E+10,6.93E+10,,,,,,,,,
7520,7.03E+10,7.03E+10,7.03E+10,7.03E+10,7.03E+10,7.03E+10,6.45E+10,7.03E+10,,,,,,,,,
7552,7.11E+10,7.11E+10,7.11E+10,7.11E+10,7.11E+10,7.11E+10,6.52E+10,7.11E+10,,,,,,,,,
7584,7.19E+10,7.19E+10,7.19E+10,7.19E+10,7.19E+10,7.19E+10,6.60E+10,7.19E+10,,,,,,,,,
7616,7.29E+10,7.29E+10,7.29E+10,7.29E+10,7.29E+10,7.29E+10,6.68E+10,7.29E+10,,,,,,,,,
7648,7.39E+10,7.39E+10,7.39E+10,7.39E+10,7.39E+10,7.39E+10,6.78E+10,7.39E+10,,,,,,,,,
7680,7.49E+10,7.49E+10,7.49E+10,7.49E+10,7.49E+10,7.49E+10,6.87E+10,7.49E+10,,,,,,,,,
7712,7.57E+10,7.57E+10,7.57E+10,7.57E+10,7.57E+10,7.57E+10,6.94E+10,7.57E+10,,,,,,,,,
7744,7.66E+10,7.66E+10,7.66E+10,7.66E+10,7.66E+10,7.66E+10,7.03E+10,7.66E+10,,,,,,,,,
7776,7.77E+10,7.77E+10,7.77E+10,7.77E+10,7.77E+10,7.77E+10,7.13E+10,7.77E+10,,,,,,,,,
7808,7.86E+10,7.86E+10,7.86E+10,7.86E+10,7.86E+10,7.86E+10,7.20E+10,7.86E+10,,,,,,,,,
7840,7.95E+10,7.95E+10,7.95E+10,7.95E+10,7.95E+10,7.95E+10,7.29E+10,7.95E+10,,,,,,,,,
7872,8.04E+10,8.04E+10,8.04E+10,8.04E+10,8.04E+10,8.04E+10,7.37E+10,8.04E+10,,,,,,,,,
7904,8.13E+10,8.13E+10,8.13E+10,8.13E+10,8.13E+10,8.13E+10,7.46E+10,8.13E+10,,,,,,,,,
7936,8.24E+10,8.24E+10,8.24E+10,8.24E+10,8.24E+10,8.24E+10,7.55E+10,8.24E+10,,,,,,,,,
7968,8.33E+10,8.33E+10,8.33E+10,8.33E+10,8.33E+10,8.33E+10,7.64E+10,8.33E+10,,,,,,,,,
8000,8.43E+10,8.43E+10,8.43E+10,8.43E+10,8.43E+10,8.43E+10,7.73E+10,8.43E+10,,,,,,,,,
8032,8.53E+10,8.53E+10,8.53E+10,8.53E+10,8.53E+10,8.53E+10,7.82E+10,8.53E+10,,,,,,,,,
8064,8.65E+10,8.65E+10,8.65E+10,8.65E+10,8.65E+10,8.65E+10,7.94E+10,8.65E+10,,,,,,,,,
8096,8.74E+10,8.74E+10,8.74E+10,8.74E+10,8.74E+10,8.74E+10,8.01E+10,8.74E+10,,,,,,,,,
8128,8.85E+10,8.85E+10,8.85E+10,8.85E+10,8.85E+10,8.85E+10,8.12E+10,8.85E+10,,,,,,,,,
8160,8.94E+10,8.94E+10,8.94E+10,8.94E+10,8.94E+10,8.94E+10,8.20E+10,8.94E+10,,,,,,,,,
8192,9.05E+10,9.05E+10,9.05E+10,9.05E+10,9.05E+10,9.05E+10,8.30E+10,9.05E+10,,,,,,,,,
8224,9.16E+10,9.16E+10,9.16E+10,9.16E+10,9.16E+10,9.16E+10,8.40E+10,9.16E+10,,,,,,,,,
8256,9.27E+10,9.27E+10,9.27E+10,9.27E+10,9.27E+10,9.27E+10,8.50E+10,9.27E+10,,,,,,,,,
8288,9.39E+10,9.39E+10,9.39E+10,9.39E+10,9.39E+10,9.39E+10,8.62E+10,9.39E+10,,,,,,,,,
8320,9.51E+10,9.51E+10,9.51E+10,9.51E+10,9.51E+10,9.51E+10,8.73E+10,9.51E+10,,,,,,,,,
8352,9.62E+10,9.62E+10,9.62E+10,9.62E+10,9.62E+10,9.62E+10,8.83E+10,9.62E+10,,,,,,,,,
8384,9.72E+10,9.72E+10,9.72E+10,9.72E+10,9.72E+10,9.72E+10,8.92E+10,9.72E+10,,,,,,,,,
8416,9.82E+10,9.82E+10,9.82E+10,9.82E+10,9.82E+10,9.82E+10,9.01E+10,9.82E+10,,,,,,,,,
8448,9.95E+10,9.95E+10,9.95E+10,9.95E+10,9.95E+10,9.95E+10,9.13E+10,9.95E+10,,,,,,,,,
8480,1.01E+11,1.01E+11,1.01E+11,1.01E+11,1.01E+11,1.01E+11,9.23E+10,1.01E+11,,,,,,,,,
8512,1.02E+11,1.02E+11,1.02E+11,1.02E+11,1.02E+11,1.02E+11,9.35E+10,1.02E+11,,,,,,,,,
8544,1.03E+11,1.03E+11,1.03E+11,1.03E+11,1.03E+11,1.03E+11,9.46E+10,1.03E+11,,,,,,,,,
8576,1.04E+11,1.04E+11,1.04E+11,1.04E+11,1.04E+11,1.04E+11,9.58E+10,1.04E+11,,,,,,,,,
8608,1.06E+11,1.06E+11,1.06E+11,1.06E+11,1.06E+11,1.06E+11,9.70E+10,1.06E+11,,,,,,,,,
8640,1.07E+11,1.07E+11,1.07E+11,1.07E+11,1.07E+11,1.07E+11,9.81E+10,1.07E+11,,,,,,,,,
8672,1.08E+11,1.08E+11,1.08E+11,1.08E+11,1.08E+11,1.08E+11,9.89E+10,1.08E+11,,,,,,,,,
8704,1.09E+11,1.09E+11,1.09E+11,1.09E+11,1.09E+11,1.09E+11,9.99E+10,1.09E+11,,,,,,,,,
8736,1.10E+11,1.10E+11,1.10E+11,1.10E+11,1.10E+11,1.10E+11,1.01E+11,1.10E+11,,,,,,,,,
8768,1.11E+11,1.11E+11,1.11E+11,1.11E+11,1.11E+11,1.11E+11,1.02E+11,1.11E+11,,,,,,,,,
8800,1.12E+11,1.12E+11,1.12E+11,1.12E+11,1.12E+11,1.12E+11,1.03E+11,1.12E+11,,,,,,,,,
8832,1.14E+11,1.14E+11,1.14E+11,1.14E+11,1.14E+11,1.14E+11,1.04E+11,1.14E+11,,,,,,,,,
8864,1.15E+11,1.15E+11,1.15E+11,1.15E+11,1.15E+11,1.15E+11,1.06E+11,1.15E+11,,,,,,,,,
8896,1.16E+11,1.16E+11,1.16E+11,1.16E+11,1.16E+11,1.16E+11,1.07E+11,1.16E+11,,,,,,,,,
8928,1.17E+11,1.17E+11,1.17E+11,1.17E+11,1.17E+11,1.17E+11,1.08E+11,1.17E+11,,,,,,,,,
8960,1.19E+11,1.19E+11,1.19E+11,1.19E+11,1.19E+11,1.19E+11,1.09E+11,1.19E+11,,,,,,,,,
8992,1.20E+11,1.20E+11,1.20E+11,1.20E+11,1.20E+11,1.20E+11,1.10E+11,1.20E+11,,,,,,,,,
9024,1.21E+11,1.21E+11,1.21E+11,1.21E+11,1.21E+11,1.21E+11,1.11E+11,1.21E+11,,,,,,,,,
9056,1.22E+11,1.22E+11,1.22E+11,1.22E+11,1.22E+11,1.22E+11,1.12E+11,1.22E+11,,,,,,,,,
9088,1.24E+11,1.24E+11,1.24E+11,1.24E+11,1.24E+11,1.24E+11,1.14E+11,1.24E+11,,,,,,,,,
9120,1.25E+11,1.25E+11,1.25E+11,1.25E+11,1.25E+11,1.25E+11,1.15E+11,1.25E+11,,,,,,,,,
9152,1.26E+11,1.26E+11,1.26E+11,1.26E+11,1.26E+11,1.26E+11,1.16E+11,1.26E+11,,,,,,,,,
9184,1.28E+11,1.28E+11,1.28E+11,1.28E+11,1.28E+11,1.28E+11,1.17E+11,1.28E+11,,,,,,,,,
9216,1.29E+11,1.29E+11,1.29E+11,1.29E+11,1.29E+11,1.29E+11,1.18E+11,1.29E+11,,,,,,,,,
9248,1.30E+11,1.30E+11,1.30E+11,1.30E+11,1.30E+11,1.30E+11,1.20E+11,1.30E+11,,,,,,,,,
9280,1.32E+11,1.32E+11,1.32E+11,1.32E+11,1.32E+11,1.32E+11,1.21E+11,1.32E+11,,,,,,,,,
9312,1.33E+11,1.33E+11,1.33E+11,1.33E+11,1.33E+11,1.33E+11,1.22E+11,1.33E+11,,,,,,,,,
9344,1.34E+11,1.34E+11,1.34E+11,1.34E+11,1.34E+11,1.34E+11,1.23E+11,1.34E+11,,,,,,,,,
9376,1.36E+11,1.36E+11,1.36E+11,1.36E+11,1.36E+11,1.36E+11,1.24E+11,1.36E+11,,,,,,,,,
9408,1.37E+11,1.37E+11,1.37E+11,1.37E+11,1.37E+11,1.37E+11,1.26E+11,1.37E+11,,,,,,,,,
9440,1.39E+11,1.39E+11,1.39E+11,1.39E+11,1.39E+11,1.39E+11,1.27E+11,1.39E+11,,,,,,,,,
9472,1.40E+11,1.40E+11,1.40E+11,1.40E+11,1.40E+11,1.40E+11,1.28E+11,1.40E+11,,,,,,,,,
9504,1.41E+11,1.41E+11,1.41E+11,1.41E+11,1.41E+11,1.41E+11,1.30E+11,1.41E+11,,,,,,,,,
9536,1.43E+11,1.43E+11,1.43E+11,1.43E+11,1.43E+11,1.43E+11,1.31E+11,1.43E+11,,,,,,,,,
9568,1.44E+11,1.44E+11,1.44E+11,1.44E+11,1.44E+11,1.44E+11,1.32E+11,1.44E+11,,,,,,,,,
9600,1.45E+11,1.45E+11,1.45E+11,1.45E+11,1.45E+11,1.45E+11,1.33E+11,1.45E+11,,,,,,,,,
9632,1.47E+11,1.47E+11,1.47E+11,1.47E+11,1.47E+11,1.47E+11,1.35E+11,1.47E+11,,,,,,,,,
9664,1.48E+11,1.48E+11,1.48E+11,1.48E+11,1.48E+11,1.48E+11,1.36E+11,1.48E+11,,,,,,,,,
9696,1.50E+11,1.50E+11,1.50E+11,1.50E+11,1.50E+11,1.50E+11,1.37E+11,1.50E+11,,,,,,,,,
9728,1.51E+11,1.51E+11,1.51E+11,1.51E+11,1.51E+11,1.51E+11,1.38E+11,1.51E+11,,,,,,,,,
9760,1.53E+11,1.53E+11,1.53E+11,1.53E+11,1.53E+11,1.53E+11,1.40E+11,1.53E+11,,,,,,,,,
9792,1.54E+11,1.54E+11,1.54E+11,1.54E+11,1.54E+11,1.54E+11,1.41E+11,1.54E+11,,,,,,,,,
9824,1.56E+11,1.56E+11,1.56E+11,1.56E+11,1.56E+11,1.56E+11,1.43E+11,1.56E+11,,,,,,,,,
9856,1.57E+11,1.57E+11,1.57E+11,1.57E+11,1.57E+11,1.57E+11,1.44E+11,1.57E+11,,,,,,,,,
9888,1.59E+11,1.59E+11,1.59E+11,1.59E+11,1.59E+11,1.59E+11,1.46E+11,1.59E+11,,,,,,,,,
9920,1.60E+11,1.60E+11,1.60E+11,1.60E+11,1.60E+11,1.60E+11,1.47E+11,1.60E+11,,,,,,,,,
9952,1.62E+11,1.62E+11,1.62E+11,1.62E+11,1.62E+11,1.62E+11,1.49E+11,1.62E+11,,,,,,,,,
9984,1.64E+11,1.64E+11,1.64E+11,1.64E+11,1.64E+11,1.64E+11,1.50E+11,1.64E+11,,,,,,,,,
10016,1.65E+11,1.65E+11,1.65E+11,1.65E+11,1.65E+11,1.65E+11,1.52E+11,1.65E+11,,,,,,,,,
,,,,,,,,,,,,,,,,,
Execution times (in estimated CPU cycles):,,,,,,,,,,,,,,,,,
size*OUTER_LOOPS, dot4, dot5, dot6_2, dot6_5, dot8, dot8_2,,,,,,,,,,,
32000,69936,48564,40124,37530,67518,60208,63808,94582,,2.1855,1.517625,1.253875,1.1728125,2.1099375,1.8815,1.994,2.9556875
64000,134682,93032,76424,65860,71508,65844,68554,77954,,2.10440625,1.453625,1.194125,1.0290625,1.1173125,1.0288125,1.07115625,1.21803125
96000,213590,143172,126884,90070,81458,70168,70422,102062,,2.224895833,1.491375,1.321708333,0.938229167,0.848520833,0.730916667,0.7335625,1.063145833
128000,297830,183142,170144,118294,91476,74776,72812,82288,,2.326796875,1.430796875,1.32925,0.924171875,0.71465625,0.5841875,0.56884375,0.642875
160000,374640,223138,205716,142492,101444,79782,76124,112136,,2.3415,1.3946125,1.285725,0.890575,0.634025,0.4986375,0.475775,0.70085
192000,453622,263154,246176,186422,111508,84784,79484,88968,,2.362614583,1.37059375,1.282166667,0.970947917,0.580770833,0.441583333,0.413979167,0.463375
224000,534834,303180,285776,215368,121424,90036,82804,125344,,2.387651786,1.353482143,1.275785714,0.961464286,0.542071429,0.401946429,0.369660714,0.559571429
256000,617644,343186,325560,243232,131440,95178,86488,99148,,2.412671875,1.340570313,1.27171875,0.950125,0.5134375,0.371789063,0.33784375,0.387296875
288000,693644,383136,365838,266272,141478,100374,93898,145698,,2.408486111,1.330333333,1.270270833,0.924555556,0.491243056,0.348520833,0.326034722,0.505895833
320000,772986,427046,406056,293658,151424,105534,93520,102328,,2.41558125,1.33451875,1.268925,0.91768125,0.4732,0.32979375,0.29225,0.319775
352000,859352,463154,450148,319868,161436,114210,96834,159856,,2.441340909,1.315778409,1.278829545,0.908715909,0.458625,0.324460227,0.275096591,0.454136364
384000,933606,503140,486076,348782,171432,115478,100418,109008,,2.431265625,1.310260417,1.265822917,0.908286458,0.4464375,0.300723958,0.261505208,0.283875
416000,1017144,543152,525828,372030,181438,120412,104166,166510,,2.445057692,1.305653846,1.264009615,0.894302885,0.436149038,0.289451923,0.250399038,0.400264423
448000,1094662,586886,566044,406248,191444,125408,107540,115674,,2.443441964,1.310013393,1.263491071,0.906803571,0.427330357,0.279928571,0.240044643,0.258200893
480000,1177440,623150,609152,426982,206206,130536,110804,173188,,2.453,1.298229167,1.269066667,0.889545833,0.429595833,0.27195,0.230841667,0.360808333
512000,1258294,663170,646030,452066,211452,135518,113822,122284,,2.457605469,1.295253906,1.261777344,0.882941406,0.412992188,0.264683594,0.222308594,0.238835938
544000,1333640,707000,685782,481888,221432,140456,116848,179850,,2.451544118,1.299632353,1.260628676,0.885823529,0.407044118,0.258191176,0.214794118,0.330606618
576000,1417482,743168,729948,505368,231430,145364,120168,129014,,2.46090625,1.290222222,1.267270833,0.877375,0.401788194,0.252368056,0.208625,0.223982639
608000,1498444,783152,765462,536014,241426,150446,123302,186518,,2.464546053,1.288078947,1.258983553,0.881601974,0.397082237,0.247444079,0.202799342,0.306773026
640000,1573852,826370,810836,560210,251450,155434,126548,135674,,2.45914375,1.291203125,1.26693125,0.875328125,0.392890625,0.242865625,0.19773125,0.211990625
672000,1659336,863172,845890,586434,261476,160400,129868,196644,,2.46925,1.284482143,1.258764881,0.872669643,0.38910119,0.238690476,0.193255952,0.292625
704000,1737716,907718,885798,619122,271440,164788,133162,142390,,2.468346591,1.289372159,1.258235795,0.879434659,0.385568182,0.234073864,0.189150568,0.202258523
736000,1817444,943166,928870,638476,285086,169768,136500,199876,,2.469353261,1.281475543,1.26205163,0.867494565,0.387345109,0.230663043,0.185461957,0.271570652
768000,1897334,987002,965902,666412,291460,178222,139818,149022,,2.470486979,1.285158854,1.257684896,0.867723958,0.379505208,0.232059896,0.182054688,0.194039063
800000,1978742,1023178,1009272,697420,301430,179802,143154,206552,,2.4734275,1.2789725,1.26159,0.871775,0.3767875,0.2247525,0.1789425,0.25819
832000,2058184,1066996,1046526,719800,311436,184830,150448,155688,,2.473778846,1.282447115,1.25784375,0.865144231,0.374322115,0.222151442,0.180826923,0.187125
864000,2137272,1103146,1089096,748658,321480,189812,149848,213222,,2.473694444,1.276789352,1.260527778,0.866502315,0.372083333,0.219689815,0.173435185,0.246784722
896000,2218406,1147016,1129046,775806,331448,194768,153164,162318,,2.475899554,1.280151786,1.260095982,0.865854911,0.369919643,0.217375,0.170941964,0.181158482
928000,2298362,1183164,1165894,799694,344818,199786,156490,219890,,2.47668319,1.274961207,1.256351293,0.861739224,0.371571121,0.215286638,0.168631466,0.236950431
960000,2380064,1226438,1209790,830662,351460,204762,159832,169062,,2.479233333,1.277539583,1.260197917,0.865272917,0.366104167,0.21329375,0.166491667,0.17610625
992000,2457090,1266950,1246002,852820,361442,209786,163170,226554,,2.476905242,1.277167339,1.256050403,0.859697581,0.364356855,0.211477823,0.164485887,0.228381048
1024000,2537838,1303172,1289048,879906,371440,214792,166512,179408,,2.478357422,1.272628906,1.258835938,0.859283203,0.362734375,0.209757813,0.162609375,0.175203125
1056000,2617394,1346502,1329912,909268,381444,219788,169846,233190,,2.478592803,1.275096591,1.259386364,0.861049242,0.361215909,0.208132576,0.160839015,0.220823864
1088000,2701020,1386982,1366372,936316,391442,228490,173204,182428,,2.482555147,1.274799632,1.255856618,0.860584559,0.35978125,0.210009191,0.159194853,0.167672794
1120000,2777554,1423164,1408858,964290,405088,229842,176562,239876,,2.479958929,1.270682143,1.257908929,0.860973214,0.361685714,0.205216071,0.157644643,0.214175
1152000,2862096,1466356,1450592,986604,411458,234810,183192,189032,,2.484458333,1.272878472,1.259194444,0.856427083,0.357168403,0.203828125,0.159020833,0.164090278
1184000,2937606,1506982,1491628,1019068,421432,239794,183244,246530,,2.481086149,1.272788851,1.259820946,0.860699324,0.355939189,0.202528716,0.154766892,0.208217905
1216000,3021004,1547698,1526158,1039690,431438,244792,190350,195710,,2.484378289,1.272777961,1.255064145,0.855008224,0.354800987,0.201309211,0.156537829,0.160945724
1248000,3100610,1588242,1571448,1073056,444796,250306,189866,253270,,2.484463141,1.272629808,1.259173077,0.859820513,0.356407051,0.200565705,0.152136218,0.202940705
1280000,3182306,1623188,1612026,1094606,451454,254784,193280,202354,,2.486176563,1.268115625,1.259395313,0.855160938,0.352698438,0.19905,0.151,0.158089063
1312000,3257964,1666466,1651426,1123700,461434,260264,196562,263590,,2.483204268,1.270172256,1.258708841,0.856478659,0.351702744,0.198371951,0.149818598,0.200907012
1344000,3343318,1706922,1691212,1152876,471452,268542,203478,209046,,2.487587798,1.27003125,1.258342262,0.857794643,0.350782738,0.199808036,0.151397321,0.155540179
1376000,3420344,1746970,1726020,1172880,481456,269806,207036,266562,,2.485715116,1.269600291,1.254375,0.852383721,0.349895349,0.196079942,0.150462209,0.193722384
1408000,3497840,1786948,1769394,1207094,495034,274784,210492,215790,,2.484261364,1.269139205,1.256671875,0.85731108,0.351586648,0.195159091,0.149497159,0.153259943
1440000,3583990,1826726,1811718,1227940,501448,279826,214012,273218,,2.488881944,1.268559722,1.2581375,0.852736111,0.348227778,0.194323611,0.148619444,0.189734722
1472000,3662124,1866650,1850078,1256502,511444,284786,217270,222436,,2.487855978,1.26810462,1.256846467,0.853601902,0.34744837,0.19346875,0.147601902,0.151111413
1504000,3742152,1906678,1889508,1286344,521448,289790,224406,279844,,2.488132979,1.267738032,1.256321809,0.855281915,0.346707447,0.192679521,0.149206117,0.186066489
1536000,3820908,1946660,1929396,1306568,535076,295030,224004,229056,,2.487570313,1.267356771,1.256117188,0.850630208,0.348356771,0.192076823,0.145835938,0.149125
1568000,3900824,1986694,1969468,1342774,541458,303224,227802,290368,,2.487770408,1.267024235,1.256038265,0.856360969,0.345317602,0.193382653,0.145281888,0.185183673
1600000,3981018,2026854,2009286,1367148,551436,304850,231208,235684,,2.48813625,1.26678375,1.25580375,0.8544675,0.3446475,0.19053125,0.144505,0.1473025
1632000,4062496,2066672,2050770,1385846,564850,310024,234592,293210,,2.48927451,1.266343137,1.256599265,0.849170343,0.346109069,0.189965686,0.143745098,0.17966299
1664000,4141800,2111168,2089148,1419298,571460,314790,237808,242390,,2.4890625,1.268730769,1.255497596,0.85294351,0.343425481,0.189176683,0.142913462,0.145667067
1696000,4220916,2147092,2129554,1443444,581440,320662,241094,299892,,2.488747642,1.265974057,1.255633255,0.851087264,0.342830189,0.189069575,0.142154481,0.176823113
1728000,4301984,2186958,2170238,1474064,591442,324784,244614,249134,,2.489574074,1.265600694,1.255924769,0.853046296,0.342269676,0.187953704,0.141559028,0.144174769
1760000,4380962,2227028,2208816,1494620,605056,329782,247730,306560,,2.489182955,1.265356818,1.255009091,0.849215909,0.343781818,0.187376136,0.140755682,0.174181818
1792000,4465444,2266912,2249044,1523570,611466,338120,255462,255710,,2.491877232,1.265017857,1.255046875,0.850206473,0.341219866,0.188683036,0.14255692,0.142695313
1824000,4541748,2307052,2292470,1552904,621446,339922,254496,316958,,2.489993421,1.26483114,1.256836623,0.851372807,0.340705044,0.186360746,0.139526316,0.173770833
1856000,4619888,2346968,2329420,1576838,635188,344804,257956,262466,,2.489163793,1.264530172,1.255075431,0.84958944,0.342234914,0.185778017,0.138984914,0.141414871
1888000,4701450,2390510,2369880,1604062,641448,349780,261246,319878,,2.490174788,1.266159958,1.255233051,0.84960911,0.33975,0.185264831,0.138371822,0.169426907
1920000,4783982,2427088,2409734,1631668,651446,354774,264786,269046,,2.491657292,1.264108333,1.255069792,0.849827083,0.339294792,0.184778125,0.137909375,0.140128125
1952000,4862150,2467032,2451738,1657862,665080,364008,268392,326526,,2.490855533,1.263848361,1.25601332,0.849314549,0.340717213,0.186479508,0.137495902,0.167277664
1984000,4944720,2507090,2492394,1685378,671456,364960,271936,275886,,2.492298387,1.263654234,1.256246976,0.849484879,0.338435484,0.183951613,0.137064516,0.139055444
2016000,5020522,2549816,2529628,1710050,681438,369794,279074,336926,,2.490338294,1.264789683,1.254775794,0.848239087,0.338014881,0.183429563,0.138429563,0.167125992
2048000,5104904,2586982,2569528,1741166,695134,374836,278420,282486,,2.492628906,1.263174805,1.254652344,0.850178711,0.339420898,0.183025391,0.135947266,0.137932617
2080000,5181718,2627056,2613692,1765720,701458,380494,281606,339898,,2.491210577,1.263007692,1.256582692,0.848903846,0.337239423,0.182929808,0.1353875,0.1634125
2112000,5264820,2670354,2649990,1787930,711450,384796,285080,289220,,2.4928125,1.264372159,1.254730114,0.846557765,0.336860795,0.182195076,0.134981061,0.136941288
2144000,5344738,2706958,2689624,1818614,725204,395768,288400,346538,,2.49288153,1.262573694,1.254488806,0.848234142,0.338248134,0.184593284,0.134514925,0.16163153
2176000,5421572,2747030,2732720,1844364,731458,394852,291732,295930,,2.49153125,1.262421875,1.255845588,0.84759375,0.336147978,0.181457721,0.134068015,0.135997243
2208000,5506508,2790400,2769722,1874592,741438,399790,295240,357320,,2.493889493,1.263768116,1.25440308,0.849,0.335796196,0.181064312,0.133713768,0.16182971
2240000,5586872,2827034,2809458,1899722,755152,404806,302044,303356,,2.494139286,1.26206875,1.254222321,0.848090179,0.337121429,0.180716964,0.134841071,0.135426786
2272000,5664476,2870262,2852340,1924768,761568,409818,301724,359898,,2.493167254,1.263319542,1.255431338,0.847169014,0.335197183,0.180377641,0.132801056,0.15840581
2304000,5746032,2906996,2890194,1953790,778042,418026,305100,309890,,2.4939375,1.261717014,1.254424479,0.847999132,0.33769184,0.181434896,0.132421875,0.134500868
2336000,5823758,2947012,2932352,1976558,781470,419848,308412,366580,,2.493047089,1.261563356,1.255287671,0.846129281,0.33453339,0.179729452,0.132025685,0.15692637
2368000,5905356,2990030,2969688,2007824,791458,424856,311744,316564,,2.493815878,1.262681588,1.254091216,0.847898649,0.334230574,0.179415541,0.131648649,0.133684122
2400000,5985374,3026998,3012270,2034906,807170,429802,315080,377130,,2.493905833,1.261249167,1.2551125,0.8478775,0.336320833,0.179084167,0.131283333,0.1571375
2432000,6064672,3070002,3049430,2057460,811472,438536,318224,323220,,2.493697368,1.262336349,1.253877467,0.845995066,0.333664474,0.180319079,0.130848684,0.132902961
2464000,6145454,3110392,3092492,2087180,826962,439872,325310,379952,,2.494096591,1.262334416,1.255069805,0.847069805,0.335617695,0.178519481,0.132025162,0.154201299
2496000,6224340,3147058,3129532,2111986,831464,444842,325132,329912,,2.493725962,1.260840545,1.25381891,0.846148237,0.33311859,0.178221955,0.130261218,0.132176282
2528000,6305554,3190066,3173662,2141320,841462,449814,328412,386620,,2.494285601,1.261893196,1.255404272,0.847041139,0.332856804,0.177932753,0.12990981,0.152935127
2560000,6385504,3227026,3212860,2164684,856704,454804,331774,336622,,2.4943375,1.260557031,1.255023438,0.845579688,0.33465,0.177657813,0.129599219,0.131492969
2592000,6465514,3272710,3249668,2192526,861472,463662,335088,397158,,2.494411265,1.262619599,1.253729938,0.845881944,0.332358025,0.178881944,0.129277778,0.153224537
2624000,6549628,3312512,3292448,2220254,877640,464866,338442,343254,,2.496047256,1.262390244,1.254743902,0.846133384,0.334466463,0.177159299,0.128979421,0.130813262
2656000,6624388,3347020,3329634,2244672,881456,469812,345118,399968,,2.494121988,1.260173193,1.253627259,0.84513253,0.331873494,0.176887048,0.129939006,0.150590361
2688000,6707552,3390072,3372502,2273516,897958,474858,345094,349886,,2.495369048,1.2611875,1.254651042,0.845802083,0.334061756,0.176658482,0.128383185,0.130165923
2720000,6789820,3430362,3413852,2299840,901466,483628,348404,406608,,2.496257353,1.2611625,1.255092647,0.845529412,0.331421324,0.177804412,0.128089706,0.149488235
2752000,6865760,3466980,3452752,2324056,915042,484872,351768,360462,,2.494825581,1.259803779,1.254633721,0.844497093,0.332500727,0.176188953,0.127822674,0.130981831
2784000,6949040,3510084,3489296,2353430,921466,489840,355124,413288,,2.496063218,1.260806034,1.25333908,0.845341236,0.330986351,0.175948276,0.127558908,0.148451149
2816000,7024590,3550636,3534050,2380568,936952,494856,362030,363270,,2.494527699,1.260879261,1.254989347,0.845372159,0.332724432,0.175730114,0.12856179,0.129002131
2848000,7108764,3590378,3574136,2405632,941468,503728,361822,419986,,2.496054775,1.260666433,1.254963483,0.844674157,0.330571629,0.176870787,0.127044242,0.147466994
2880000,7184898,3631990,3613156,2432314,951478,504878,365314,370054,,2.49475625,1.261107639,1.254568056,0.844553472,0.330374306,0.175304861,0.126845139,0.128490972
2912000,7269716,3666982,3653616,2458780,964762,509866,368454,430520,,2.496468407,1.259265797,1.254675824,0.844361264,0.331305632,0.175091346,0.126529533,0.147843407
2944000,7348990,3710052,3689940,2487604,971470,514828,371810,376598,,2.49626019,1.26020788,1.253376359,0.844974185,0.329983016,0.174873641,0.126294158,0.127920516
2976000,7425170,3750980,3732662,2513070,984956,523670,375194,433330,,2.495016801,1.260409946,1.254254704,0.844445565,0.330966398,0.175964382,0.126073253,0.145608199
3008000,7509772,3792666,3772342,2541412,991498,524876,382688,383284,,2.496599734,1.260859707,1.254103059,0.844884309,0.329620346,0.174493351,0.127223404,0.127421543
3040000,7589026,3830586,3813074,2567262,1005188,529838,381764,440030,,2.496390132,1.260061184,1.254300658,0.844494079,0.330653947,0.174288816,0.125580263,0.144746711
3072000,7669428,3870724,3852950,2595906,1011498,534880,385170,394270,,2.496558594,1.260001302,1.254215495,0.845021484,0.329263672,0.174114583,0.125380859,0.128343099
3104000,7749144,3910478,3893206,2621424,1025022,543742,388674,446666,,2.496502577,1.259818943,1.25425451,0.844530928,0.33022616,0.175174613,0.125217139,0.143900129
3136000,7825124,3951356,3932720,2644000,1031488,544828,391812,396704,,2.495256378,1.259998724,1.254056122,0.843112245,0.328918367,0.173733418,0.124940051,0.1265
3168000,7910082,3990472,3973850,2678852,1046072,549904,399432,453370,,2.496869318,1.259618687,1.254371843,0.845597222,0.330199495,0.173580808,0.126083333,0.143109217
3200000,7990730,4030874,4014192,2700840,1054976,558472,398432,403342,,2.497103125,1.259648125,1.254435,0.8440125,0.32968,0.1745225,0.12451,0.126044375
3232000,8069264,4070796,4053052,2724994,1061488,559892,401856,465652,,2.496678218,1.259528465,1.254038366,0.843129332,0.328430693,0.173233911,0.124336634,0.144075495
3264000,8153792,4110774,4093850,2757520,1075282,564876,405206,410254,,2.498098039,1.259428309,1.25424326,0.844828431,0.329436887,0.1730625,0.124143995,0.125690564
3296000,8227640,4151414,4133310,2779484,1081516,569858,408630,466772,,2.49625,1.259530947,1.254038228,0.843290049,0.328129854,0.172893811,0.123977549,0.141617718
3328000,8309550,4190770,4172550,2808792,1095192,578844,416374,416832,,2.496859976,1.259245793,1.253771034,0.843987981,0.329084135,0.17393149,0.12511238,0.12525
3360000,8388614,4230802,4213448,2837448,1101520,579938,415078,477530,,2.49661131,1.259167262,1.254002381,0.844478571,0.327833333,0.172600595,0.123535119,0.142122024
3392000,8469098,4270218,4253006,2858416,1115218,584948,418668,423364,,2.496785967,1.258908608,1.253834316,0.842693396,0.328778892,0.172449292,0.123428066,0.1248125
3424000,8553752,4313588,4293140,2891502,1121482,593928,421758,480136,,2.498175234,1.259809579,1.253837617,0.844480724,0.327535631,0.17346028,0.123176986,0.140226636
3456000,8628914,4351240,4336204,2912182,1135348,594954,425268,430072,,2.496792245,1.259039352,1.254688657,0.842645255,0.328515046,0.172151042,0.123052083,0.12444213
3488000,8711814,4390730,4373212,2944332,1141488,599954,432488,486858,,2.497653096,1.258810206,1.253787844,0.844131881,0.327261468,0.172005161,0.123993119,0.139580849
3520000,8801812,4432976,4413450,2968234,1154726,604926,432072,441012,,2.500514773,1.259368182,1.253821023,0.843248295,0.328047159,0.171853977,0.122747727,0.1252875
3552000,8869454,4470306,4452782,2995524,1165246,613542,435476,493522,,2.497030968,1.258532095,1.253598536,0.843334459,0.328053491,0.172731419,0.122600225,0.138942005
3584000,8956440,4513820,4493606,3020644,1171496,614992,438480,443458,,2.499006696,1.259436384,1.253796317,0.842813616,0.326868304,0.17159375,0.12234375,0.123732701
3616000,9029174,4550662,4536240,3047342,1185350,619966,446364,500254,,2.497006084,1.258479535,1.25449115,0.842738385,0.327806969,0.171450774,0.123441372,0.13834458
3648000,9114332,4592600,4573304,3076026,1191510,629190,445326,454528,,2.498446272,1.258936404,1.25364693,0.843208882,0.326620066,0.172475329,0.122074013,0.124596491
3680000,9190342,4630314,4612992,3104354,1204804,630014,448694,506980,,2.497375543,1.2582375,1.253530435,0.843574457,0.327392391,0.171199457,0.121927717,0.137766304
3712000,9274126,4673758,4662142,3127102,1215220,635040,452162,457030,,2.498417565,1.259094289,1.255964978,0.842430496,0.327376078,0.171077586,0.121810884,0.123122306
3744000,9349492,4711716,4693136,3160666,1221518,644228,455504,513646,,2.497193376,1.258471154,1.253508547,0.844194979,0.32626015,0.172069444,0.121662393,0.137191774
3776000,9432216,4754004,4732800,3182766,1235366,645066,463882,468822,,2.497938559,1.259005297,1.253389831,0.842893538,0.327162606,0.170833157,0.122850106,0.124158369
3808000,9512596,4790764,4778064,3207076,1241504,650150,462216,520340,,2.498055672,1.258078782,1.254743697,0.842194328,0.32602521,0.170732668,0.121380252,0.136643908
3840000,9593986,4830448,4813386,3237824,1254924,659422,465416,470622,,2.498433854,1.257929167,1.253485938,0.843183333,0.326803125,0.171724479,0.121202083,0.122557813
3872000,9672918,4874742,4857242,3258840,1278628,673436,487522,546600,,2.498170971,1.258972624,1.254452996,0.841642562,0.330224174,0.173924587,0.125909607,0.141167355
3904000,9756604,4914218,4900986,3358052,1284828,678420,504862,516904,,2.499130123,1.258764857,1.255375512,0.860156762,0.329105533,0.173775615,0.12931916,0.132403689
3936000,9832944,4958200,4943966,3383462,1298168,687686,509530,589080,,2.498207317,1.259705285,1.256088923,0.859619411,0.329819106,0.174716972,0.12945376,0.149664634
3968000,9918510,4994712,4980602,3401210,1309388,688464,513732,534182,,2.499624496,1.258747984,1.255192036,0.857159778,0.329986895,0.173504032,0.12946875,0.13462248
4000000,9996402,5038910,5024674,3423832,1315066,693466,515752,592966,,2.4991005,1.2597275,1.2561685,0.855958,0.3287665,0.1733665,0.128938,0.1482415
4032000,10077800,5075362,5060974,3461094,1327672,702850,524240,555904,,2.499454365,1.258770337,1.255201885,0.85840625,0.32928373,0.174317956,0.130019841,0.137873016
4064000,10166570,5124442,5106500,3508836,1338368,703472,527436,610694,,2.501616634,1.260935531,1.256520669,0.863394685,0.329322835,0.173098425,0.12978248,0.150269193
4096000,10253156,5162344,5153198,3525238,1346208,709240,556930,600228,,2.503211914,1.260337891,1.25810498,0.860653809,0.328664063,0.173154297,0.135969238,0.146540039
4128000,10328322,5206244,5196794,3575574,1361922,724568,593842,697746,,2.502015988,1.261202519,1.258913275,0.866175872,0.329922965,0.175525194,0.143857074,0.169027616
4160000,10410076,5246972,5234406,3620856,1373104,751282,638134,704782,,2.502422115,1.261291346,1.258270673,0.870398077,0.330073077,0.180596635,0.153397596,0.16941875
4192000,10490016,5288872,5278030,3646068,1384816,803502,685722,777650,,2.502389313,1.261658397,1.259072042,0.86976813,0.330347328,0.191675095,0.163578721,0.185508111
4224000,10572514,5328578,5318678,3682454,1407812,849456,739046,804912,,2.502962595,1.261500473,1.259156723,0.871793087,0.333288826,0.201102273,0.174963542,0.190556818
4256000,10648530,5369568,5354770,3730482,1422206,894244,777830,881080,,2.502004229,1.261646617,1.258169643,0.876523026,0.334164944,0.210113722,0.182760808,0.207020677
4288000,10729708,5405158,5399464,3767980,1435328,929796,802122,876862,,2.502263993,1.26053125,1.259203358,0.878726679,0.334731343,0.216836754,0.187062034,0.204492071
4320000,10812188,5450582,5439648,3802176,1438786,944256,826506,936100,,2.502821296,1.261708796,1.259177778,0.880133333,0.333052315,0.218577778,0.191320833,0.216689815
4352000,10890760,5491892,5480712,3861916,1453922,968610,845208,931152,,2.502472426,1.261923713,1.259354779,0.887388787,0.334081342,0.222566636,0.194211397,0.213959559
4384000,10971714,5531158,5518256,3883354,1467826,991068,873222,991180,,2.502671989,1.261669252,1.258726277,0.885801551,0.334814325,0.226064781,0.19918385,0.226090328
4416000,11049164,5566898,5563386,3910582,1460690,1013272,895924,986958,,2.502075181,1.260620018,1.259824728,0.88554846,0.330772192,0.22945471,0.202881341,0.223495924
4448000,11133920,5604704,5601060,3946414,1472408,1032076,922870,1045322,,2.503129496,1.26005036,1.259231115,0.887233363,0.331026978,0.232031475,0.207479766,0.235009442
4480000,11208972,5644990,5640440,3998336,1488426,1065446,946112,1038964,,2.502002679,1.260042411,1.259026786,0.892485714,0.332237946,0.237822768,0.211185714,0.231911607
4512000,11292810,5683676,5678254,4014272,1493214,1082250,976564,1094752,,2.502839096,1.259679965,1.25847828,0.889687943,0.330942819,0.239860372,0.216437057,0.242631206
4544000,11372042,5730832,5710726,4034826,1497322,1102916,999500,1088702,,2.502650088,1.26118662,1.256761884,0.887945863,0.329516285,0.24271919,0.219960387,0.239591109
4576000,11448442,5772158,5753288,4067332,1510796,1124412,1025348,1147052,,2.501844843,1.261398164,1.257274476,0.888840035,0.330156469,0.245719406,0.224070804,0.250666958
4608000,11532748,5811008,5793118,4106600,1522800,1144524,1046388,1143426,,2.502766493,1.261069444,1.257187066,0.891189236,0.33046875,0.248377604,0.227080729,0.248139323
4640000,11613098,5841492,5835080,4136886,1547794,1178116,1077806,1204380,,2.502822845,1.258942241,1.257560345,0.891570259,0.333576293,0.25390431,0.232285776,0.259564655
4672000,11692568,5884108,5873536,4167944,1548212,1200464,1096532,1175126,,2.502690068,1.259440925,1.257178082,0.892111301,0.331380993,0.25694863,0.234702911,0.251525257
4704000,11772876,5923848,5913912,4201020,1555200,1224266,1121114,1240434,,2.502737245,1.259321429,1.257209184,0.89307398,0.330612245,0.260260629,0.238332058,0.263697704
4736000,11851622,5973156,5955016,4236594,1568312,1234098,1127880,1223350,,2.50245397,1.261223818,1.257393581,0.894551098,0.331146959,0.260578125,0.238150338,0.258308699
4768000,11934532,6010508,5993204,4281054,1577614,1248584,1159504,1278510,,2.503047819,1.260593121,1.256963926,0.897872064,0.330875419,0.26186745,0.243184564,0.268143876
4800000,12012338,6049918,6033530,4327940,1584920,1279664,1184522,1280416,,2.502570417,1.260399583,1.256985417,0.901654167,0.330191667,0.266596667,0.246775417,0.266753333
4832000,12094546,6093608,6073992,4340892,1593622,1304754,1214894,1334904,,2.503010348,1.261094371,1.257034768,0.898363411,0.329805877,0.270023593,0.251426738,0.276263245
4864000,12172960,6134632,6117568,4395836,1602034,1335596,1242650,1319348,,2.502664474,1.261231908,1.257723684,0.903749178,0.329365543,0.274587993,0.25547903,0.271247533
4896000,12252446,6172960,6152494,4403444,1613618,1355168,1252324,1376068,,2.502542075,1.260816993,1.256636846,0.899396242,0.32957884,0.27679085,0.255785131,0.281059641
4928000,12332842,6213334,6194248,4436444,1623818,1364304,1265148,1339310,,2.502605925,1.260822646,1.256949675,0.900252435,0.329508523,0.276847403,0.256726461,0.271775568
4960000,12411742,6254458,6234434,4461220,1635158,1369878,1272338,1393402,,2.502367339,1.260979435,1.256942339,0.899439516,0.329668952,0.276185081,0.256519758,0.280927823
4992000,12500728,6292422,6277528,4492670,1644752,1382002,1276034,1364492,,2.504152244,1.260501202,1.257517628,0.899973958,0.329477564,0.276843349,0.255615785,0.273335737
5024000,12593598,6331952,6314812,4521672,1653176,1394348,1290042,1410320,,2.5066875,1.260340764,1.25692914,0.900014331,0.329055732,0.27753742,0.256775876,0.280716561
5056000,12656922,6371684,6355254,4553174,1665424,1399700,1297202,1382924,,2.503346915,1.26022231,1.256972706,0.900548655,0.32939557,0.276839399,0.256566851,0.273521361
5088000,12735468,6415122,6395558,4578806,1674084,1411450,1302754,1432490,,2.503040094,1.260833726,1.256988601,0.899922563,0.329025943,0.277407626,0.256044418,0.281542846
5120000,12829954,6451040,6434078,4602596,1685086,1419706,1314038,1398020,,2.505850391,1.25996875,1.256655859,0.898944531,0.329118359,0.277286328,0.256648047,0.273050781
5152000,12901504,6493992,6478566,4639522,1695082,1425492,1317864,1444116,,2.504173913,1.260479814,1.257485637,0.900528339,0.329014363,0.276687112,0.255796584,0.280302019
5184000,12976170,6530200,6515948,4699046,1705766,1436916,1330008,1415356,,2.503119213,1.259683642,1.256934414,0.906451775,0.329044367,0.27718287,0.256560185,0.27302392
5216000,13052056,6574444,6555188,4691490,1712576,1445010,1337844,1466866,,2.50231135,1.260437883,1.256746166,0.899442101,0.328331288,0.277034126,0.256488497,0.28122431
5248000,13136160,6614140,6595552,4727976,1723906,1454062,1340472,1427446,,2.503079268,1.260316311,1.25677439,0.900910061,0.328488186,0.277069741,0.255425305,0.271998095
5280000,13215642,6650862,6640878,4748772,1735706,1457910,1352498,1482140,,2.5029625,1.259632955,1.257742045,0.899388636,0.328732197,0.276119318,0.256154924,0.280708333
5312000,13295826,6694012,6675202,4800140,1747800,1470890,1360314,1449346,,2.502979292,1.260167922,1.256626883,0.903640813,0.329028614,0.276899473,0.256083208,0.27284375
5344000,13375852,6731224,6715262,4821358,1755544,1480174,1368074,1498714,,2.502966317,1.259585329,1.256598428,0.902200225,0.328507485,0.276978668,0.256001871,0.280447979
5376000,13460038,6774226,6762312,4834844,1764272,1486918,1373048,1461328,,2.503727307,1.260086682,1.257870536,0.899338542,0.328175595,0.276584449,0.255403274,0.271824405
5408000,13550596,6815334,6794956,4873780,1773140,1491326,1384176,1518404,,2.505657544,1.260231879,1.256463757,0.901216716,0.327873521,0.275762944,0.255949704,0.28076997
5440000,13634530,6850884,6839892,4917286,1783532,1504862,1391362,1481494,,2.506347426,1.259353676,1.257333088,0.903912868,0.327855147,0.276629044,0.255765074,0.272333456
5472000,13712634,6893210,6875854,4923696,1791574,1514138,1395068,1532228,,2.505963816,1.25972405,1.256552266,0.899798246,0.327407529,0.276706506,0.254946637,0.280012427
5504000,13790936,6933108,6914974,4951258,1804946,1523348,1407816,1493570,,2.50562064,1.259648983,1.256354288,0.899574491,0.327933503,0.276771076,0.255780523,0.271360828
5536000,13856504,6977086,6958602,4980972,1814746,1526378,1414396,1551982,,2.502981214,1.260311777,1.256972905,0.899742052,0.327808165,0.275718569,0.255490607,0.280343569
5568000,13936544,7017076,6996332,5007186,1825434,1540644,1418000,1514852,,2.502971264,1.260250718,1.256525144,0.899279095,0.32784375,0.276696121,0.25466954,0.272063937
5600000,14015268,7059242,7041692,5037346,1832998,1548144,1430276,1566038,,2.502726429,1.260578929,1.257445,0.899526071,0.327321071,0.276454286,0.255406429,0.279649643
5632000,14096482,7089936,7079064,5083074,1844574,1557444,1438538,1526504,,2.502926491,1.258866477,1.25693608,0.902534446,0.32751669,0.276534801,0.25542223,0.271041193
5664000,14176534,7135224,7115826,5098176,1855244,1553444,1445392,1582760,,2.502919138,1.25975,1.256325212,0.900101695,0.327550141,0.274266243,0.255189266,0.27944209
5696000,14255922,7172314,7158494,5118946,1864388,1568286,1448016,1548722,,2.502795295,1.25918434,1.256758076,0.898691362,0.327315309,0.27533111,0.254216292,0.271896419
5728000,14337728,7214840,7196316,5173896,1875010,1575734,1460976,1600996,,2.503094972,1.259574022,1.256340084,0.903263966,0.327341131,0.275093226,0.255058659,0.279503492
5760000,14416676,7254418,7238548,5174684,1886380,1585188,1468790,1564560,,2.502895139,1.259447569,1.256692361,0.898382639,0.327496528,0.27520625,0.254998264,0.271625
5792000,14501556,7291382,7278482,5219302,1894254,1591282,1475176,1612082,,2.503721685,1.258871202,1.256643992,0.901122583,0.327046616,0.274737914,0.254691989,0.278329075
5824000,14575824,7327750,7315412,5239008,1905358,1596524,1479074,1581960,,2.502717033,1.258198832,1.256080357,0.899554945,0.32715625,0.274128434,0.253961882,0.271627747
5856000,14656344,7368008,7357630,5261722,1913702,1608674,1492434,1634330,,2.502790984,1.258198087,1.256425888,0.898518101,0.326793374,0.27470526,0.254855533,0.279086407
5888000,14740334,7405672,7401226,5295070,1923930,1617832,1498960,1598600,,2.503453465,1.257756793,1.257001698,0.899298573,0.326754416,0.274767663,0.254578804,0.271501359
5920000,14815596,7448398,7435426,5341990,1934310,1626802,1506454,1650170,,2.502634459,1.258175338,1.255984122,0.902363176,0.326741554,0.274797635,0.254468581,0.278744932
5952000,14899596,7487754,7479376,5344946,1944926,1629286,1510816,1610922,,2.503292339,1.258023185,1.256615591,0.898008401,0.326768481,0.273737567,0.253833333,0.270652218
5984000,14977702,7524952,7519844,5382072,1953826,1633358,1522764,1668380,,2.502958222,1.257512032,1.256658422,0.899410428,0.326508356,0.272954211,0.254472594,0.278806818
6016000,15061846,7569768,7559712,5407772,1965500,1648898,1536850,1637906,,2.503631316,1.258272606,1.256601064,0.898898271,0.326712101,0.274085439,0.255460439,0.272258311
6048000,15135478,7609892,7597428,5433732,1975658,1659722,1544230,1689128,,2.502559193,1.258249339,1.256188492,0.898434524,0.326663029,0.274424934,0.255329034,0.279287037
6080000,15220204,7648710,7640210,5463128,1978858,1667672,1548424,1652374,,2.503323026,1.258011513,1.256613487,0.898540789,0.325470066,0.274288158,0.254675,0.271772039
6112000,15296372,7690086,7680216,5493892,1996812,1677096,1561756,1709660,,2.502678665,1.258194699,1.256579843,0.898869764,0.326703534,0.274393979,0.255522906,0.279721859
6144000,15381060,7727354,7721280,5524818,2010010,1684572,1569898,1665348,,2.503427734,1.257707357,1.25671875,0.89922168,0.327150065,0.274181641,0.255517253,0.271052734
6176000,15460968,7765598,7760138,5543716,2015984,1689666,1576718,1729350,,2.503395078,1.257383096,1.256499028,0.897622409,0.32642228,0.273585816,0.255297604,0.280011334
6208000,15540460,7807896,7800134,5597532,2027536,1702060,1579676,1686110,,2.503295747,1.257715206,1.256464884,0.901664304,0.326600515,0.274172036,0.254458119,0.271602771
6240000,15616156,7854384,7839748,5604648,2034052,1710220,1592594,1747612,,2.502589103,1.258715385,1.256369872,0.898180769,0.325969872,0.274073718,0.255223397,0.280066026
6272000,15700226,7888408,7880428,5657366,2044830,1718444,1600038,1703816,,2.503224809,1.257718112,1.256445791,0.902003508,0.326025191,0.273986607,0.255108099,0.271654337
6304000,15780108,7930696,7919720,5685716,2054384,1727276,1606862,1762254,,2.503189721,1.258041878,1.256300761,0.901921954,0.325885787,0.273996827,0.254895622,0.279545368
6336000,15859746,7972106,7957446,5713424,2066166,1735664,1615112,1720222,,2.503116477,1.258223801,1.255910038,0.901739899,0.326099432,0.273936869,0.254910354,0.271499684
6368000,15940296,8009266,8000824,5717296,2075676,1743362,1623968,1777230,,2.503187186,1.257736495,1.256410804,0.897816583,0.325954146,0.273769158,0.255020101,0.279087626
6400000,16021352,8054882,8045060,5787276,2086110,1752022,1625102,1736170,,2.50333625,1.258575313,1.257040625,0.904261875,0.325954688,0.273753438,0.253922188,0.271276563
6432000,16101988,8089612,8078218,5797898,2095614,1756560,1638702,1798464,,2.503418532,1.257713308,1.255941853,0.90141449,0.325810634,0.273097015,0.254773321,0.27961194
6464000,16178996,8131234,8119608,5854096,2106354,1768788,1645702,1752886,,2.502938738,1.257926052,1.256127475,0.90564604,0.32585922,0.273636757,0.254594988,0.271176671
6496000,16259694,8172768,8162658,5846826,2117136,1777840,1654742,1814026,,2.503031712,1.258123153,1.25656681,0.900065579,0.325913793,0.273682266,0.254732451,0.279252771
6528000,16340072,8212222,8200370,5894564,2126890,1785676,1660430,1770630,,2.503074755,1.257999694,1.25618413,0.902966299,0.325810355,0.273541054,0.254355086,0.271236213
6560000,16425184,8248198,8240366,5919554,2136148,1794200,1664396,1828548,,2.503839024,1.257347256,1.256153354,0.902371037,0.325632317,0.273506098,0.253718902,0.278742073
6592000,16500632,8291262,8280984,5948960,2146456,1803210,1676406,1780290,,2.503129854,1.257776396,1.256217233,0.902451456,0.325615291,0.273545206,0.254309163,0.270068265
6624000,16579864,8331080,8319640,5976478,2156982,1811808,1684738,1838666,,2.502998792,1.257711353,1.2559843,0.902246075,0.325631341,0.273521739,0.254338466,0.277576389
6656000,16663974,8370254,8359632,5977112,2165798,1820404,1691890,1797736,,2.503601863,1.25755018,1.255954327,0.898003606,0.325390325,0.273498197,0.254190204,0.270092548
6688000,16856514,8409768,8402262,6042142,2179040,1828134,1699348,1854898,,2.520411782,1.257441388,1.256319079,0.903430323,0.325813397,0.273345395,0.254089115,0.277347189
6720000,16822580,8454998,8442102,6039992,2185188,1836614,1707258,1809772,,2.503360119,1.258184226,1.256265179,0.898808333,0.325176786,0.273305655,0.25405625,0.26931131
6752000,16900202,8490722,8479708,6083002,2200752,1839924,1714476,1872834,,2.502992002,1.257512145,1.255880924,0.900918543,0.325940758,0.272500592,0.253921209,0.277374704
6784000,16980686,8527338,8520098,6136668,2207128,1852878,1718366,1832664,,2.503049233,1.256977889,1.255910672,0.904579599,0.32534316,0.273124705,0.253296875,0.270145047
6816000,17058488,8571364,8561748,6140090,2215986,1861234,1731602,1891088,,2.502712441,1.257535798,1.256125,0.9008348,0.325115317,0.273068369,0.254049589,0.277448357
6848000,17136866,8614100,8600956,6207808,2226808,1873826,1746520,1851960,,2.502462909,1.257900117,1.255980724,0.906514019,0.325176402,0.273631133,0.255040888,0.270438084
6880000,17219040,8657180,8640300,6212696,2239388,1883092,1755010,1912058,,2.502767442,1.258311047,1.255857558,0.90300814,0.325492442,0.273705233,0.255088663,0.277915407
6912000,17299048,8691014,8682382,6244880,2248184,1890154,1761210,1868750,,2.502755787,1.257380498,1.256131655,0.903483796,0.325258102,0.27345978,0.254804688,0.270363137
6944000,17378700,8737410,8719818,6253648,2256752,1898688,1768890,1927358,,2.502692972,1.258267569,1.255734159,0.900582949,0.324993088,0.273428571,0.254736463,0.277557316
6976000,17462460,8770676,8760046,6263834,2267022,1907556,1776434,1887060,,2.50321961,1.257264335,1.255740539,0.897911984,0.324974484,0.273445528,0.254649369,0.270507454
7008000,17540184,8813716,8806296,6318592,2280632,1916134,1784676,1945168,,2.502880137,1.257664954,1.256606164,0.901625571,0.325432648,0.273420947,0.254662671,0.277563927
7040000,17618838,8850336,8840750,6334812,2286546,1925750,1788110,1909002,,2.502675852,1.25715,1.255788352,0.89983125,0.324793466,0.273544034,0.253992898,0.271165057
7072000,17699076,8895032,8883768,6367332,2297400,1939076,1799968,1968176,,2.502697398,1.257781674,1.256188914,0.900358032,0.324858597,0.274190611,0.254520362,0.27830543
7104000,17778406,8934650,8921074,6400138,2308422,1948018,1808172,1928622,,2.502590935,1.257692849,1.255781813,0.900920327,0.324946791,0.274214245,0.254528716,0.271483953
7136000,17860450,8977888,8966682,6420102,2317420,1955694,1808624,1967282,,2.502865751,1.258112108,1.25654176,0.899677971,0.324750561,0.274060258,0.253450673,0.275684137
7168000,17941382,9014896,9001794,6465266,2327706,1964820,1816730,1926270,,2.50298298,1.257658482,1.255830636,0.901962333,0.32473577,0.274109933,0.253450056,0.268731864
7200000,18020340,9049788,9045314,6532844,2337590,1971970,1824234,1984132,,2.502825,1.256915,1.256293611,0.907339444,0.324665278,0.273884722,0.253365833,0.275573889
7232000,18101574,9092766,9081372,6509942,2351954,1981362,1832504,1942852,,2.502983131,1.257296184,1.255720686,0.900157909,0.325214878,0.273971515,0.253388274,0.268646571
7264000,18188176,9136870,9128106,6522534,2357448,1990036,1840240,2001066,,2.503878855,1.25782902,1.256622522,0.897925936,0.324538546,0.2739587,0.253337004,0.275477148
7296000,18264446,9169326,9182740,6565820,2368440,1998066,1847192,1961498,,2.503350603,1.256760691,1.258599232,0.899920504,0.324621711,0.27385773,0.253178728,0.268845669
7328000,18355440,9217622,9202224,6575010,2376150,2006060,1855918,2025074,,2.504836245,1.257863264,1.255762009,0.897244814,0.324256277,0.273752729,0.253263919,0.276347434
7360000,18423864,9248914,9240628,6606310,2386884,2014902,1862312,1982730,,2.503242391,1.256645924,1.255520109,0.897596467,0.324304891,0.273763859,0.253031522,0.269392663
7392000,18502796,9293664,9282538,6658938,2402360,2023420,1870352,2043758,,2.503083874,1.25725974,1.2557546,0.900830357,0.324994589,0.273731061,0.25302381,0.276482413
7424000,18584186,9332242,9323954,6703996,2407414,2032096,1877208,2003086,,2.503257813,1.257036907,1.255920528,0.903016703,0.324274515,0.273719828,0.252856681,0.269812231
7456000,18663584,9372112,9358708,6708122,2418550,2040856,1875066,2059098,,2.50316309,1.25698927,1.255191524,0.899694474,0.324376341,0.273719957,0.251484174,0.276166577
7488000,18742514,9411540,9401346,6728976,2427834,2042316,1885262,2018072,,2.503006677,1.256883013,1.255521635,0.898634615,0.324229968,0.272745192,0.2517711,0.269507479
7520000,18826628,9452684,9441322,6787456,2438982,2049872,1893178,2075146,,2.503540957,1.257005851,1.255494947,0.902587234,0.324332713,0.272589362,0.251752394,0.275950266
7552000,18901040,9491914,9483270,6777754,2448860,2059804,1901582,2033396,,2.502786017,1.256874206,1.255729608,0.897478019,0.324266419,0.27274947,0.251798464,0.269252648
7584000,18983424,9529040,9518364,6844820,2458254,2067316,1909898,2091980,,2.503088608,1.256466245,1.255058544,0.902534283,0.324136867,0.272589135,0.251832542,0.275841245
7616000,19060408,9573892,9563240,6874520,2468448,2075504,1916626,2050836,,2.502679622,1.257076155,1.255677521,0.902641807,0.324113445,0.272518908,0.251657826,0.269279937
7648000,19145946,9613634,9601808,6901362,2478770,2079954,1924054,2108234,,2.503392521,1.257012814,1.255466527,0.902374738,0.324106956,0.271960513,0.251576098,0.275658211
7680000,19220514,9653084,9642370,6933212,2493018,2087500,1932092,2067408,,2.502671094,1.256911979,1.255516927,0.902761979,0.324611719,0.271809896,0.251574479,0.26919375
7712000,19304998,9695578,9680922,6948562,2500584,2095910,1940182,2126174,,2.503241442,1.257206691,1.255306276,0.901006483,0.324245851,0.271772562,0.251579616,0.275696836
7744000,19382844,9728806,9717600,6946802,2510026,2106020,1948092,2084904,,2.502949897,1.256302428,1.254855372,0.897056043,0.324125258,0.271955062,0.251561467,0.269228306
7776000,19459980,9773218,9760584,7021486,2517076,2113194,1955068,2143040,,2.502569444,1.256843879,1.255219136,0.902968879,0.323698045,0.271758488,0.251423354,0.275596708
7808000,19550164,9815468,9802706,7045016,2532202,2120650,1957892,2101700,,2.503863217,1.257103996,1.255469518,0.902281762,0.324308658,0.271599641,0.250754611,0.269172643
7840000,19623874,9854262,9842618,7063800,2537846,2130414,1962642,2160872,,2.503045153,1.256921173,1.255435969,0.900994898,0.323704847,0.27173648,0.25033699,0.275621429
7872000,19703652,9892520,9882774,7061770,2548392,2142092,1970732,2123030,,2.503004573,1.256671748,1.255433689,0.897074441,0.323728659,0.272115346,0.250347053,0.269693852
7904000,19784746,9949316,9922162,7092144,2558950,2153208,1979782,2183274,,2.50313082,1.258769737,1.255334261,0.897285425,0.323753796,0.27242004,0.250478492,0.276223937
7936000,19865360,9990462,9962612,7176668,2571998,2158924,1986296,2139094,,2.503195565,1.25887878,1.255369456,0.904318044,0.32409249,0.272041835,0.250289315,0.269543095
7968000,19944750,10026202,10001606,7168778,2577402,2166524,1994686,2197558,,2.503106175,1.258308484,1.255221637,0.899696034,0.323469127,0.271903112,0.250337098,0.275797942
8000000,20026408,10067350,10048080,7204130,2587248,2176438,2001362,2151368,,2.503301,1.25841875,1.25601,0.90051625,0.323406,0.27205475,0.25017025,0.268921
8032000,20105730,10098698,10099000,7205098,2599692,2185060,2009940,2209078,,2.503203436,1.257308018,1.257345618,0.897049054,0.323666833,0.272044323,0.250241534,0.275034612
8064000,20188064,10132854,10135330,7270236,2606856,2193422,2018860,2172314,,2.503480159,1.256554315,1.256861359,0.901566964,0.323270833,0.272001736,0.250354663,0.269384177
8096000,20281486,10172836,10174294,7290038,2618206,2201282,2027062,2231310,,2.505124259,1.256526186,1.256706275,0.900449358,0.32339501,0.27189748,0.250378211,0.275606472
8128000,20343732,10213876,10210100,7287812,2630546,2210214,2034054,2190422,,2.502919783,1.256628445,1.256163878,0.896630413,0.32364001,0.271925935,0.250252707,0.269490896
8160000,20426590,10254052,10244764,7359738,2637242,2218776,2043200,2248958,,2.503258578,1.25662402,1.255485784,0.901928676,0.323191422,0.271908824,0.250392157,0.275607598
8192000,20509678,10292588,10280872,7375900,2647800,2227238,2050250,2207678,,2.503622803,1.256419434,1.254989258,0.900378418,0.323217773,0.271879639,0.250274658,0.269491943
8224000,20583118,10333032,10323720,7396442,2664042,2233798,2058624,2268292,,2.502811041,1.256448444,1.255316148,0.899372811,0.323935068,0.271619407,0.250319066,0.275813716
8256000,20663242,10372362,10361436,7439366,2667466,2237536,2065370,2222414,,2.502815165,1.256342297,1.255018895,0.901085998,0.323094234,0.27101938,0.25016594,0.269187742
8288000,20750796,10413290,10402576,7472536,2674824,2248472,2074158,2283516,,2.503715734,1.256429778,1.255137066,0.901609073,0.322734556,0.271292471,0.250260376,0.275520753
8320000,20823514,10452178,10441604,7508276,2689310,2255844,2080814,2245908,,2.502826202,1.256271394,1.255000481,0.902437019,0.323234375,0.271135096,0.250097837,0.269940865
8352000,20903324,10498222,10485504,7510420,2696334,2263772,2089334,2304312,,2.502792625,1.256971025,1.255448276,0.899236111,0.322836925,0.271045498,0.250159722,0.275899425
8384000,20990062,10531870,10521160,7514488,2705510,2272332,2097812,2263114,,2.503585639,1.256186784,1.254909351,0.896289122,0.322699189,0.271031966,0.250216126,0.26993249
8416000,21070470,10571706,10562902,7547850,2719524,2281050,2105574,2321594,,2.503620485,1.256143774,1.255097671,0.896845295,0.323137357,0.27103731,0.250187025,0.2758548
8448000,21143398,10615936,10605892,7599864,2725784,2289330,2112726,2281012,,2.50276965,1.256621212,1.255432292,0.899605114,0.322654356,0.270990767,0.250085938,0.270006155
8480000,21227250,10652116,10642264,7604160,2736452,2301030,2111184,2341930,,2.503213443,1.256145755,1.254983962,0.896716981,0.322694811,0.271347877,0.248960377,0.276170991
8512000,21302722,10691174,10681442,7627574,2748194,2305800,2125674,2296992,,2.502669408,1.256011983,1.254868656,0.89609657,0.322861137,0.270888158,0.249726739,0.269853383
8544000,21385956,10736084,10726672,7720450,2756934,2314110,2128904,2355674,,2.503037921,1.256564139,1.255462547,0.903610721,0.32267486,0.270846208,0.249169476,0.275710908
8576000,21467730,10771542,10763334,7723420,2768014,2322426,2136218,2314670,,2.503233442,1.256010028,1.255052938,0.900585354,0.322762826,0.270805271,0.249092584,0.269900886
8608000,21548250,10813018,10802278,7717154,2780904,2330630,2144216,2371966,,2.503281831,1.256159154,1.254911478,0.896509526,0.323060409,0.270751626,0.249095725,0.275553671
8640000,21623300,10855258,10844702,7766030,2786698,2339710,2152120,2334796,,2.502696759,1.256395602,1.255173843,0.898846065,0.322534491,0.270799769,0.249087963,0.270231019
8672000,21707262,10892016,10882116,7798764,2799778,2349740,2162226,2387908,,2.503143681,1.255998155,1.25485655,0.899303967,0.322852629,0.270957103,0.249334179,0.275358395
8704000,21785644,10936354,10925448,7822684,2807104,2356240,2168208,2347446,,2.502946232,1.256474494,1.255221507,0.898745864,0.322507353,0.270707721,0.249104779,0.269697381
8736000,21888814,10972506,10962090,7870502,2817436,2366518,2175696,2404606,,2.505587683,1.256010302,1.254817995,0.900927427,0.3225087,0.270892628,0.249049451,0.275252518
8768000,21949080,11014870,11004834,7901750,2831912,2377172,2183566,2364852,,2.503316606,1.256257984,1.255113367,0.901203239,0.322982664,0.271119069,0.249038093,0.26971396
8800000,22026140,11051876,11044910,7905454,2838136,2386384,2191656,2422896,,2.502970455,1.255895,1.255103409,0.898347045,0.322515455,0.27118,0.249051818,0.275329091
8832000,22110086,11094278,11085244,7914924,2850216,2398038,2199594,2388030,,2.503406476,1.256145607,1.255122736,0.896164402,0.322714674,0.271516984,0.249048234,0.270383832
8864000,22186276,11132696,11124718,7948506,2857394,2402838,2206402,2441724,,2.50296435,1.255944946,1.255044901,0.896717735,0.322359431,0.271078294,0.248917193,0.275465253
8896000,22269034,11175016,11166448,7993456,2871856,2419160,2217758,2414420,,2.503263714,1.256184353,1.255221223,0.898544964,0.32282554,0.27193795,0.249298336,0.271405126
8928000,22345848,11217140,11202888,8023674,2875932,2429590,2222042,2470858,,2.502895161,1.25640009,1.254803763,0.898709005,0.322125,0.272131496,0.248884633,0.276753808
8960000,22431574,11250850,11243566,8089874,2890642,2438090,2230212,2433726,,2.503523884,1.255675223,1.254862277,0.902887723,0.322616295,0.272108259,0.248907589,0.271621205
8992000,22543554,11296094,11285380,8061160,2899276,2450508,2246732,2485848,,2.507067838,1.256238212,1.255046708,0.896481317,0.322428381,0.272520907,0.249858986,0.276451068
9024000,22610110,11334454,11321394,8142914,2907572,2453900,2262514,2440414,,2.50555297,1.256034353,1.254587101,0.902361924,0.322204344,0.271930408,0.250721853,0.270435949
9056000,22670658,11373358,11370528,8122252,2921816,2461888,2270276,2497682,,2.50338538,1.255892005,1.255579505,0.896891784,0.322638693,0.27185159,0.250693021,0.275804108
9088000,22746524,11420608,11410028,8172326,2927206,2471388,2285400,2461156,,2.502918574,1.256669014,1.255504842,0.899243618,0.322095731,0.271939701,0.251474472,0.27081382
9120000,22825660,11456602,11450214,8198332,2941490,2490762,2297906,2525508,,2.502813596,1.25620636,1.255505921,0.898939912,0.322531798,0.273109868,0.251963377,0.276919737
9152000,22910378,11494290,11487252,8240660,2948212,2494398,2294556,2481240,,2.503319274,1.255932037,1.255163024,0.900421766,0.322138549,0.272552229,0.250716346,0.27111451
9184000,22990974,11539986,11528122,8287580,2964900,2503318,2300860,2537888,,2.503372605,1.256531577,1.255239765,0.902393293,0.322833188,0.272573824,0.250529181,0.276337979
9216000,23068290,11577974,11570494,8309118,2972540,2510178,2309006,2500844,,2.503069661,1.256290582,1.25547895,0.901597005,0.322541233,0.272371745,0.250543186,0.271358941
9248000,23147714,11621190,11608254,8287340,2985818,2521798,2317770,2553128,,2.502996756,1.256616566,1.255217777,0.896122405,0.322860943,0.27268577,0.250623919,0.276073529
9280000,23229470,11656712,11644982,8339128,2990900,2526932,2325166,2512756,,2.503175647,1.256111207,1.254847198,0.898612931,0.322295259,0.272298707,0.250556681,0.270771121
9312000,23310466,11690168,11693558,8370188,3003294,2535914,2333508,2570222,,2.503271692,1.255387457,1.255751503,0.898860395,0.322518686,0.272327534,0.250591495,0.276011813
9344000,23387806,11734368,11729454,8406204,3010670,2543748,2344410,2534318,,2.502975813,1.255818493,1.255292594,0.899636558,0.322203553,0.272233305,0.250900043,0.271224101
9376000,23473486,11777078,11765358,8437338,3022758,2556556,2348214,2589040,,2.503571459,1.256087671,1.254837671,0.899886732,0.322393131,0.272670222,0.250449445,0.276134812
9408000,23560856,11825374,11814760,8471464,3032534,2561864,2356542,2551336,,2.504342687,1.256948767,1.255820578,0.900453231,0.322335672,0.272306973,0.250482781,0.271187925
9440000,23655732,11876270,11865922,8503002,3046120,2575752,2363670,2606390,,2.505903814,1.258079449,1.256983263,0.900741737,0.322682203,0.272855085,0.250388771,0.276100636
9472000,23735898,11914536,11907960,8521982,3051876,2591130,2371380,2574952,,2.505901394,1.257869088,1.257174831,0.899702492,0.322199747,0.273556799,0.250356841,0.271848818
9504000,23813558,11956832,11946002,8532600,3065066,2594314,2382478,2625344,,2.505635311,1.258084175,1.256944655,0.897790404,0.322502736,0.272970749,0.250681608,0.27623569
9536000,23893828,11995484,11985062,8567884,3072078,2602894,2387014,2587928,,2.505644715,1.257915688,1.256822777,0.898477768,0.322155831,0.272954488,0.250316065,0.271385067
9568000,23971020,12037108,12024808,8613078,3089492,2613646,2394336,2647610,,2.505332358,1.258058946,1.256773411,0.900196279,0.322898411,0.273165343,0.250244147,0.276715092
9600000,24055396,12075132,12069152,8613750,3094274,2623836,2402928,2606176,,2.505770417,1.25782625,1.257203333,0.897265625,0.322320208,0.27331625,0.250305,0.271476667
9632000,24135770,12171320,12105598,8658902,3104676,2625296,2409984,2660856,,2.505790075,1.263633721,1.256810424,0.898972384,0.322329319,0.272559801,0.25020598,0.276251661
9664000,24217732,12135238,12145434,8692322,3116894,2631244,2420202,2624056,,2.505973924,1.255715853,1.256770902,0.899453849,0.322526283,0.272272765,0.25043481,0.271528974
9696000,24272308,12175844,12177618,8733726,3122936,2641686,2424996,2675960,,2.503332096,1.255759488,1.25594245,0.900755569,0.322084983,0.272451114,0.250102723,0.275985974
9728000,24354194,12215922,12206044,8767888,3137472,2646284,2433234,2635168,,2.503515008,1.255748561,1.254733141,0.901304276,0.322519737,0.272027549,0.25012685,0.270884868
9760000,24433058,12259042,12247004,8749418,3145044,2653424,2448440,2695924,,2.50338709,1.256049385,1.254815984,0.896456762,0.322238115,0.271867213,0.250864754,0.276221721
9792000,24511092,12294342,12286602,8811386,3156060,2663264,2454804,2650640,,2.503175245,1.255549632,1.254759191,0.899855596,0.322310049,0.27198366,0.250694853,0.270694444
9824000,24607164,12334446,12330182,8822930,3163402,2667466,2467624,2707794,,2.504800896,1.255542142,1.255108103,0.898099552,0.322007533,0.271525448,0.251183225,0.275630497
9856000,24677792,12373604,12367520,8821110,3175180,2677814,2471438,2670712,,2.503834416,1.255438718,1.254821429,0.894998985,0.322157062,0.271693791,0.250754667,0.270973214
9888000,24752768,12414380,12404544,8899666,3186172,2688950,2478754,2726114,,2.503313916,1.255499595,1.254504854,0.900047128,0.322226133,0.271940736,0.25068305,0.275699231
9920000,24830578,12453532,12445956,8910666,3190742,2696954,2486964,2685306,,2.50308246,1.255396371,1.254632661,0.898252621,0.321647379,0.271870363,0.250702016,0.270696169
9952000,24909760,12497490,12485066,8929792,3206268,2708866,2499672,2745008,,2.502990354,1.255776728,1.254528336,0.897286174,0.322173232,0.272193127,0.25117283,0.275824759
9984000,24993080,12534048,12531410,8957110,3210462,2719076,2501558,2697622,,2.503313301,1.255413462,1.255149239,0.897146434,0.321560697,0.272343349,0.250556691,0.270194511
10016000,25070158,12573742,12562758,8986908,3215160,2721318,2505422,2753658,,2.503010982,1.255365615,1.25426897,0.897255192,0.321002396,0.271697085,0.250141973,0.274925919
,,,,,,,,,,,,,,,,,
,,,,,,,,,,,,,,,,,
Wakeup delay calculated 0.072973,,,,,,,,,,,,,,,,,
