reduction -- vector examples,,,,,,,,,,,,,
testing option 0,,,,,,,,,,,,,
testing option 1,,,,,,,,,,,,,
testing option 2,,,,,,,,,,,,,
testing option 3,,,,,,,,,,,,,
size, combine4, combine6_5, combine8,  combine8_4 ,,,,,, combine4, combine6_5, combine8,  combine8_4 
32000,78158,45931,80676,74064,2.4424375,1.43534375,2.521125,2.3145,,2.99070412,1.007317234,0.415936042,0.170367122
64000,131925,70946,85797,77726,2.061328125,1.10853125,1.340578125,1.21446875,,,,,
96000,199322,101868,101796,81842,2.076270833,1.061125,1.060375,0.852520833,,,,,
128000,288338,135837,109761,85804,2.252640625,1.061226563,0.857507813,0.67034375,,,,,
160000,384590,165854,121699,90364,2.4036875,1.0365875,0.76061875,0.564775,,,,,
192000,488124,200856,133735,100264,2.5423125,1.046125,0.696536458,0.522208333,,,,,
224000,580987,230846,145747,97701,2.593691964,1.0305625,0.65065625,0.436165179,,,,,
256000,676920,262838,157735,101685,2.64421875,1.026710938,0.616152344,0.397207031,,,,,
288000,768396,295800,169737,105736,2.668041667,1.027083333,0.589364583,0.367138889,,,,,
320000,869337,325816,181732,109752,2.716678125,1.018175,0.5679125,0.342975,,,,,
352000,960348,360808,193730,113731,2.728261364,1.025022727,0.550369318,0.323099432,,,,,
384000,1062220,395548,205730,117746,2.766197917,1.030072917,0.535755208,0.306630208,,,,,
416000,1156548,422887,217744,121788,2.780163462,1.016555288,0.523423077,0.292759615,,,,,
448000,1253599,455853,229754,125764,2.798212054,1.017529018,0.51284375,0.280723214,,,,,
480000,1348555,485836,241778,130058,2.809489583,1.012158333,0.503704167,0.270954167,,,,,
512000,1449211,520905,260047,134246,2.830490234,1.017392578,0.507904297,0.262199219,,,,,
544000,1540538,555374,265752,138321,2.831871324,1.020908088,0.488514706,0.254266544,,,,,
576000,1636718,582002,277776,142471,2.841524306,1.010420139,0.48225,0.247345486,,,,,
608000,1734811,615840,289771,146116,2.853307566,1.012894737,0.476597039,0.240322368,,,,,
640000,1832781,645816,301754,150381,2.863720313,1.0090875,0.471490625,0.234970313,,,,,
672000,1924584,685608,313754,153741,2.863964286,1.02025,0.466895833,0.22878125,,,,,
704000,2024990,710851,325747,158378,2.87640625,1.009731534,0.462708807,0.22496875,,,,,
736000,2122192,741847,337756,162093,2.883413043,1.007944293,0.458907609,0.220235054,,,,,
768000,2220098,782904,355123,170908,2.890752604,1.01940625,0.46239974,0.222536458,,,,,
800000,2316405,805840,361747,170246,2.89550625,1.0073,0.45218375,0.2128075,,,,,
832000,2409151,840844,373759,174453,2.895614183,1.010629808,0.449229567,0.209679087,,,,,
864000,2505045,875361,385764,178099,2.899357639,1.013149306,0.446486111,0.206133102,,,,,
896000,2601182,901999,397737,181768,2.903104911,1.006695313,0.443902902,0.202866071,,,,,
928000,2696496,935858,409764,186405,2.905706897,1.008467672,0.441556034,0.200867457,,,,,
960000,2792628,970336,426192,190665,2.9089875,1.010766667,0.44395,0.198609375,,,,,
992000,2892516,1000874,433773,194335,2.915842742,1.008945565,0.437271169,0.195902218,,,,,
1024000,2986185,1036310,445778,198504,2.916196289,1.012021484,0.435330078,0.193851563,,,,,
1056000,3081144,1062004,457747,202488,2.91775,1.005685606,0.433472538,0.19175,,,,,
1088000,3179493,1099843,469756,206443,2.922328125,1.01088511,0.431761029,0.189745404,,,,,
1120000,3276813,1125840,485817,209721,2.925725893,1.005214286,0.433765179,0.187250893,,,,,
1152000,3369098,1164892,493756,219684,2.924564236,1.011190972,0.428607639,0.190697917,,,,,
1184000,3468655,1190860,505773,218361,2.929607264,1.005793919,0.427173142,0.18442652,,,,,
1216000,3561040,1226121,517754,222489,2.928486842,1.008323191,0.425784539,0.182967928,,,,,
1248000,3662035,1255874,529749,226380,2.934322917,1.006309295,0.424478365,0.181394231,,,,,
1280000,3753009,1290345,546182,230414,2.932038281,1.008082031,0.426704688,0.180010938,,,,,
1312000,3853032,1320873,553761,234554,2.936762195,1.006762957,0.422073933,0.178775915,,,,,
1344000,3948868,1355371,565768,237772,2.938145833,1.008460565,0.420958333,0.17691369,,,,,
1376000,4041007,1382860,577800,242289,2.936778343,1.004985465,0.419912791,0.176082122,,,,,
1408000,4140895,1420339,593896,246511,2.940976563,1.008763494,0.421801136,0.175078835,,,,,
1440000,4237552,1445877,601766,250600,2.942744444,1.00408125,0.417893056,0.174027778,,,,,
1472000,4332859,1484800,613771,258722,2.943518342,1.008695652,0.416963995,0.175762228,,,,,
1504000,4424954,1515369,625768,258316,2.94212367,1.007559176,0.416069149,0.17175266,,,,,
1536000,4524986,1542016,642189,262500,2.945954427,1.003916667,0.418091797,0.170898438,,,,,
1568000,4620657,1580361,649756,266138,2.946847577,1.007883291,0.414385204,0.169730867,,,,,
1600000,4716892,1616762,661747,270482,2.9480575,1.01047625,0.413591875,0.16905125,,,,,
1632000,4813641,1640858,673780,274363,2.949534926,1.005427696,0.412855392,0.168114583,,,,,
1664000,4908830,1675291,690180,278440,2.950018029,1.006785457,0.414771635,0.167331731,,,,,
1696000,5005024,1706695,697783,282412,2.951075472,1.006306014,0.411428656,0.166516509,,,,,
1728000,5100916,1739966,709764,286572,2.951918981,1.006924769,0.410743056,0.165840278,,,,,
1760000,5200910,1765872,726192,294828,2.9550625,1.003336364,0.412609091,0.167515909,,,,,
1792000,5294971,1806280,733800,294000,2.954782924,1.00796875,0.409486607,0.1640625,,,,,
1824000,5389970,1835397,745783,298653,2.955027412,1.006248355,0.408872259,0.163735197,,,,,
1856000,5486584,1866045,761796,302594,2.956133621,1.005412177,0.410450431,0.16303556,,,,,
1888000,5585796,1895868,769768,306360,2.95857839,1.004167373,0.407716102,0.162266949,,,,,
1920000,5676844,1930365,781764,310464,2.956689583,1.005398438,0.40716875,0.1617,,,,,
1952000,5773792,1965345,797776,314546,2.957885246,1.006836578,0.408696721,0.161140369,,,,,
1984000,5873068,1995297,805761,318631,2.960215726,1.005694052,0.406129536,0.160600302,,,,,
2016000,5964837,2026989,817790,326100,2.958748512,1.005450893,0.405649802,0.161755952,,,,,
2048000,6064716,2059963,834660,326493,2.961287109,1.005841309,0.407548828,0.15942041,,,,,
2080000,6157780,2085871,841761,330600,2.960471154,1.002822596,0.404692788,0.158942308,,,,,
2112000,6256874,2124856,853785,334531,2.962535038,1.006087121,0.404254261,0.15839536,,,,,
2144000,6353440,2155365,870201,338584,2.963358209,1.00530084,0.405877332,0.157921642,,,,,
2176000,6444895,2186532,877766,342556,2.961808364,1.004840074,0.40338511,0.157424632,,,,,
2208000,6545858,2220312,889744,346557,2.964609601,1.005576087,0.402963768,0.156955163,,,,,
2240000,6641102,2250364,906146,354211,2.964777679,1.004626786,0.404529464,0.158129911,,,,,
2272000,6737083,2285316,913783,354333,2.965265405,1.005860915,0.402193222,0.155956426,,,,,
2304000,6833428,2315306,925788,358420,2.965897569,1.004907118,0.401817708,0.155564236,,,,,
2336000,6925896,2346585,941558,362359,2.96485274,1.00453125,0.403064212,0.155119435,,,,,
2368000,7024315,2381215,949744,366525,2.96634924,1.005580659,0.401074324,0.154782517,,,,,
2400000,7120682,2410428,966141,370344,2.966950833,1.004345,0.40255875,0.15431,,,,,
2432000,7220049,2447532,973747,374488,2.968770148,1.006386513,0.400389391,0.153983553,,,,,
2464000,7313083,2475388,989738,381900,2.967971997,1.004621753,0.401679383,0.154991883,,,,,
2496000,7408231,2506548,997747,382466,2.968041266,1.004225962,0.399738381,0.153231571,,,,,
2528000,7508664,2540378,1009759,386390,2.970199367,1.004896361,0.399429984,0.152844146,,,,,
2560000,7601520,2570330,1026170,390415,2.96934375,1.004035156,0.400847656,0.152505859,,,,,
2592000,7698144,2605312,1033761,394392,2.969962963,1.005135802,0.398827546,0.152157407,,,,,
2624000,7792802,2635389,1050115,398493,2.969817835,1.00434032,0.400196265,0.15186471,,,,,
2656000,7893604,2666061,1057764,406744,2.971989458,1.003788027,0.398254518,0.153141566,,,,,
2688000,7984975,2699884,1073784,405760,2.970600818,1.004421131,0.399473214,0.150952381,,,,,
2720000,8080965,2733691,1081776,410445,2.970943015,1.005033456,0.397711765,0.150898897,,,,,
2752000,8181350,2764980,1093788,414456,2.972874273,1.00471657,0.397452035,0.150601744,,,,,
2784000,8272982,2795335,1109661,418324,2.971617098,1.00407148,0.398585129,0.150260057,,,,,
2816000,8372397,2826540,1117768,426576,2.973152344,1.003742898,0.396934659,0.151482955,,,,,
2848000,8465436,2860368,1134124,426393,2.972414326,1.004342697,0.398217697,0.149716643,,,,,
2880000,8564361,2893752,1141785,430548,2.973736458,1.004775,0.396453125,0.149495833,,,,,
2912000,8656416,2924853,1158177,433761,2.97267033,1.004413805,0.397725618,0.148956387,,,,,
2944000,8757199,2955333,1165761,438400,2.974592052,1.003849524,0.395978601,0.148913043,,,,,
2976000,8852376,2988247,1182160,442408,2.97458871,1.004115255,0.397231183,0.148658602,,,,,
3008000,8944987,3019867,1189783,451056,2.97373238,1.003945146,0.395539561,0.149952128,,,,,
3040000,9045772,3053731,1208217,450458,2.975582895,1.004516776,0.397439803,0.148176974,,,,,
3072000,9144172,3085286,1213773,454504,2.97661849,1.00432487,0.395108398,0.147950521,,,,,
3104000,9236536,3115363,1230148,458671,2.975688144,1.00366076,0.396310567,0.147767719,,,,,
3136000,9332385,3150794,1237749,461757,2.975888074,1.004717474,0.39469037,0.147243941,,,,,
3168000,9437383,3180324,1254177,530359,2.978971907,1.003890152,0.395889205,0.167411301,,,,,
3200000,9528739,3210424,1261771,470536,2.977730938,1.0032575,0.394303438,0.1470425,,,,,
3232000,9623143,3254092,1278206,474640,2.977457611,1.006835396,0.39548453,0.146856436,,,,,
3264000,9718156,3277478,1285768,478780,2.977376225,1.004129289,0.39392402,0.146685049,,,,,
3296000,9815721,3309199,1301587,482352,2.978070692,1.004004551,0.394898968,0.14634466,,,,,
3328000,9911980,3349744,1313918,492597,2.978359375,1.006533654,0.394807091,0.148015925,,,,,
3360000,10004160,3370461,1321771,490636,2.977428571,1.003113393,0.393384226,0.146022619,,,,,
3392000,10131676,3411391,1340594,494704,2.986932783,1.005716686,0.395222288,0.14584434,,,,,
3424000,10199164,3435367,1345764,498448,2.978727804,1.003319801,0.393038551,0.145574766,,,,,
3456000,10297440,3471595,1362192,502432,2.979583333,1.004512442,0.394152778,0.14537963,,,,,
3488000,10388575,3502680,1369783,511005,2.97837586,1.004208716,0.392713016,0.146503727,,,,,
3520000,10484949,3530428,1386259,510628,2.978678693,1.0029625,0.39382358,0.145064773,,,,,
3552000,10584228,3569088,1393783,514329,2.979793919,1.004810811,0.392393863,0.144799831,,,,,
3584000,10676200,3595531,1409596,518426,2.978850446,1.003217355,0.393302455,0.144650112,,,,,
3616000,10777164,3631161,1422192,522405,2.980410398,1.004192754,0.39330531,0.144470409,,,,,
3648000,10868364,3660453,1429792,530620,2.979266447,1.003413651,0.391938596,0.145455044,,,,,
3680000,10969010,3697785,1446228,530505,2.980709239,1.00483288,0.392996739,0.144158967,,,,,
3712000,11064604,3729237,1453773,534518,2.980766164,1.004643588,0.391641433,0.143997306,,,,,
3744000,11158461,3755373,1469565,538550,2.980358173,1.00303766,0.392512019,0.143843483,,,,,
3776000,11256000,3790540,1482196,547056,2.980932203,1.003850636,0.39253072,0.144877119,,,,,
3808000,11352355,3820404,1489764,546357,2.981185662,1.003257353,0.391219538,0.143476103,,,,,
3840000,11445468,3854164,1506189,550423,2.980590625,1.003688542,0.392236719,0.143339323,,,,,
3872000,11544547,3889207,1517836,554594,2.981546229,1.004443957,0.392003099,0.143231921,,,,,
3904000,11641159,3915352,1525756,562867,2.981854252,1.002907787,0.390818648,0.144176998,,,,,
3936000,11735800,3950476,1542168,564830,2.981656504,1.003677846,0.391810976,0.143503557,,,,,
3968000,11832578,3980445,1553860,566455,2.982000504,1.003136341,0.391597782,0.142755796,,,,,
4000000,11937924,4014048,1561768,570492,2.984481,1.003512,0.390442,0.142623,,,,,
4032000,12040147,4051212,1579041,574776,2.986147569,1.004764881,0.391627232,0.142553571,,,,,
4064000,12129991,4079208,1585761,582273,2.98474188,1.003742126,0.390197096,0.143275837,,,,,
4096000,12226773,4106438,1601544,582422,2.985052002,1.00254834,0.391001953,0.142192871,,,,,
4128000,12319363,4144272,1614247,586622,2.984341812,1.00394186,0.391048207,0.142108043,,,,,
4160000,12409320,4174255,1625779,590656,2.983009615,1.003426683,0.39081226,0.141984615,,,,,
4192000,12503913,4205388,1633771,598212,2.982803674,1.003193702,0.389735448,0.142703244,,,,,
4224000,12599668,4239105,1650187,598471,2.982875947,1.003575994,0.390669271,0.141683475,,,,,
4256000,12695800,4270368,1661872,602594,2.983035714,1.00337594,0.390477444,0.141586936,,,,,
4288000,12792501,4306665,1669790,606739,2.983325793,1.004352845,0.389409981,0.141496968,,,,,
4320000,12891444,4334179,1686261,614193,2.984130556,1.003282176,0.390338194,0.142174306,,,,,
4352000,12984746,4365508,1698223,614445,2.983627298,1.00310386,0.390216682,0.141186811,,,,,
4384000,13083343,4402372,1705771,618362,2.984339188,1.004190693,0.3890901,0.141049726,,,,,
4416000,13176873,4430414,1721752,626726,2.983893342,1.00326404,0.389889493,0.141921649,,,,,
4448000,13276024,4465946,1734216,626349,2.984717626,1.004034622,0.389886691,0.140815872,,,,,
4480000,13368535,4494218,1746708,630501,2.984047991,1.003173661,0.389890179,0.14073683,,,,,
4512000,13472560,4529258,1753783,634488,2.985939716,1.003824911,0.388693041,0.14062234,,,,,
4544000,13563324,4559131,1770235,643106,2.984886444,1.003329886,0.389576364,0.141528609,,,,,
4576000,13659633,4590520,1782196,642422,2.985059659,1.003173077,0.389465909,0.140389423,,,,,
4608000,13759056,4622776,1793846,646423,2.98590625,1.003206597,0.389289497,0.140282769,,,,,
4640000,13852735,4655066,1801788,650503,2.985503233,1.003246983,0.388316379,0.140194612,,,,,
4672000,13943928,4689069,1818223,659097,2.98457363,1.003653467,0.389174443,0.141073844,,,,,
4704000,14044430,4721469,1830271,658468,2.985635629,1.003713648,0.389088223,0.139980442,,,,,
4736000,14139986,4750413,1841882,662496,2.985638936,1.003043285,0.388910895,0.139885135,,,,,
4768000,14236492,4784224,1849788,666525,2.985841443,1.003402685,0.387958893,0.139791317,,,,,
4800000,14331892,4815304,1865625,674680,2.985810833,1.003188333,0.388671875,0.140558333,,,,,
4832000,14428382,4849332,1878314,674460,2.986006209,1.003586921,0.388723924,0.139581954,,,,,
4864000,14524596,4879291,1890321,678494,2.98614227,1.003143709,0.388635074,0.13949301,,,,,
4896000,14619928,4910400,1897804,689068,2.986096405,1.002941176,0.387623366,0.140741013,,,,,
4928000,14716888,4944091,1913592,686728,2.986381494,1.003265219,0.388310065,0.139352273,,,,,
4960000,14819716,4978819,1926559,692748,2.987845968,1.003794153,0.388419153,0.139666935,,,,,
4992000,14909203,5009344,1938316,694560,2.986619191,1.003474359,0.388284455,0.139134615,,,,,
5024000,15004720,5039280,1950242,702590,2.98660828,1.003041401,0.388185111,0.139846736,,,,,
5056000,15099724,5070578,1961889,702662,2.986496044,1.002883307,0.388031843,0.13897587,,,,,
5088000,15200407,5104305,1969797,706528,2.987501376,1.003204599,0.387145637,0.138861635,,,,,
5120000,15292039,5135524,1985683,718003,2.986726367,1.003032031,0.387828711,0.140234961,,,,,
5152000,15392215,5169290,1998297,714616,2.987619371,1.003355978,0.387868207,0.138706522,,,,,
5184000,15488702,5199254,2010290,718788,2.987789738,1.002942515,0.387787423,0.138655093,,,,,
5216000,15579931,5234731,2022417,726835,2.986949962,1.003591066,0.387733321,0.139347201,,,,,
5248000,15680863,5266939,2033923,726458,2.987969322,1.003608803,0.387561547,0.138425686,,,,,
5280000,15781132,5295679,2041831,730384,2.988850758,1.002969508,0.386710417,0.138330303,,,,,
5312000,15867998,5329780,2057784,734760,2.987198419,1.003347139,0.387384036,0.138320783,,,,,
5344000,15968486,5359303,2071137,742324,2.988114895,1.002863585,0.387563061,0.138907934,,,,,
5376000,16060756,5397400,2082302,742526,2.987491815,1.003980655,0.387332961,0.138118676,,,,,
5408000,16162022,5424324,2094348,746450,2.988539571,1.003018491,0.387268491,0.138026997,,,,,
5440000,16256673,5454307,2106316,755047,2.988359007,1.002629963,0.387190441,0.138795404,,,,,
5472000,16355020,5495157,2117995,754509,2.988855994,1.004231908,0.38706049,0.137885417,,,,,
5504000,16447725,5519409,2129930,758544,2.988322129,1.0027996,0.386978561,0.13781686,,,,,
5536000,16544726,5552647,2137828,766941,2.988570448,1.003007045,0.386168353,0.13853703,,,,,
5568000,16636058,5589376,2153764,766824,2.987797773,1.00383908,0.386811063,0.137719828,,,,,
5600000,16736685,5614363,2168712,770388,2.98869375,1.002564821,0.38727,0.137569286,,,,,
5632000,16835671,5649355,2178331,778989,2.989288175,1.003081499,0.386777521,0.138314808,,,,,
5664000,16932446,5692308,2190352,778540,2.989485523,1.004997881,0.386714689,0.137454096,,,,,
5696000,17023944,5720580,2203356,782769,2.988754213,1.004315309,0.38682514,0.137424333,,,,,
5728000,17121148,5755528,2214340,790764,2.989027235,1.004805866,0.386581704,0.138052374,,,,,
5760000,17216841,5785922,2226326,790437,2.989034896,1.004500347,0.386514931,0.137228646,,,,,
5792000,17312025,5814938,2238324,794476,2.988954593,1.00396029,0.386450967,0.137167818,,,,,
5824000,17408762,5850211,2250072,803188,2.989141827,1.004500515,0.38634478,0.137910027,,,,,
5856000,17508916,5876726,2262002,802396,2.989910519,1.003539276,0.386270833,0.137021175,,,,,
5888000,17601093,5920440,2274012,806440,2.989316067,1.005509511,0.386211277,0.136963315,,,,,
5920000,17695920,5937117,2285913,815004,2.989175676,1.002891385,0.386133953,0.137669595,,,,,
5952000,17796976,5973528,2293797,814692,2.990083333,1.003616935,0.38538256,0.136877016,,,,,
5984000,17889069,6000936,2309726,820792,2.989483456,1.002830214,0.385983623,0.137164439,,,,,
6016000,17987882,6034608,2321769,826924,2.990006981,1.003093085,0.385932347,0.137454122,,,,,
6048000,18080827,6066840,2333805,826574,2.989554729,1.003115079,0.385880456,0.136668981,,,,,
6080000,18184564,6098344,2345757,830781,2.990882237,1.003017105,0.385815296,0.136641612,,,,,
6112000,18276998,6130437,2357846,838752,2.990346531,1.003016525,0.385773233,0.137230366,,,,,
6144000,18368258,6165636,2370038,838500,2.989625326,1.003521484,0.385748372,0.136474609,,,,,
6176000,18468952,6191008,2381844,842517,2.990439119,1.002430052,0.385661269,0.136417908,,,,,
6208000,18564976,6228280,2393846,851251,2.990492268,1.003266753,0.385606637,0.137121617,,,,,
6240000,18656088,6259718,2406422,850404,2.989757692,1.003159936,0.385644551,0.136282692,,,,,
6272000,18757003,6291960,2417707,854474,2.990593591,1.003182398,0.385476244,0.136236288,,,,,
6304000,18853809,6323340,2429774,862440,2.990769194,1.003067893,0.385433693,0.136808376,,,,,
6336000,18948753,6350930,2442004,862737,2.990649148,1.002356376,0.385417298,0.136164299,,,,,
6368000,19045243,6389272,2453788,870825,2.990773084,1.003340452,0.38533103,0.136750157,,,,,
6400000,19140420,6418380,2465848,870578,2.990690625,1.002871875,0.38528875,0.136027813,,,,,
6432000,19236967,6449407,2477808,874622,2.990821984,1.002706312,0.385231343,0.135979789,,,,,
6464000,19336209,6483460,2489779,883262,2.991368967,1.00301052,0.385176207,0.136643255,,,,,
6496000,19429039,6515668,2505652,882436,2.990923491,1.003027709,0.385722291,0.13584298,,,,,
6528000,19524163,6551169,2514084,886461,2.990833793,1.003549173,0.385123162,0.135793658,,,,,
6560000,19625320,6577063,2525973,895072,2.991664634,1.002601067,0.38505686,0.136443902,,,,,
6592000,19720881,6613675,2538067,894739,2.991638501,1.003288076,0.3850223,0.135731038,,,,,
6624000,19813032,6644522,2550345,902491,2.991097826,1.003098128,0.385015851,0.136245622,,,,,
6656000,19909020,6676984,2562453,902462,2.991138822,1.003152644,0.384983924,0.135586238,,,,,
6688000,20004513,6704851,2575303,906657,2.991105413,1.002519587,0.385063248,0.135564743,,,,,
6720000,20105061,6738880,2586470,915235,2.991824554,1.002809524,0.384891369,0.136195685,,,,,
6752000,20197447,6774988,2598398,914376,2.991328051,1.003404621,0.384833827,0.135422986,,,,,
6784000,20297102,6803428,2610429,918468,2.991907724,1.002863797,0.384792011,0.135387382,,,,,
6816000,20389060,6834753,2622396,926942,2.9913527,1.00275132,0.384741197,0.135995012,,,,,
6848000,20492066,6869716,2634417,926743,2.99241618,1.003171145,0.384698744,0.135330461,,,,,
6880000,20646345,6894876,2645841,934970,3.000922238,1.002162209,0.384569913,0.135896802,,,,,
6912000,20681500,6944428,2663664,934464,2.992115162,1.004691551,0.385368056,0.135194444,,,,,
6944000,20777428,6972396,2670045,938695,2.992141129,1.004089286,0.384511089,0.135180732,,,,,
6976000,20869387,7005223,2682122,947222,2.991597907,1.004189077,0.384478498,0.13578297,,,,,
7008000,20969330,7036111,2696558,948614,2.992198916,1.004011273,0.38478282,0.135361587,,,,,
7040000,21065728,7069003,2706463,954991,2.992290909,1.004119744,0.384440767,0.135652131,,,,,
7072000,21161169,7101532,2718470,954609,2.992246748,1.004175905,0.384399038,0.134984304,,,,,
7104000,21253663,7124020,2730463,958831,2.991788148,1.002818131,0.384355715,0.13497058,,,,,
7136000,21353608,7154908,2742134,966972,2.992377803,1.002649664,0.384267657,0.135506166,,,,,
7168000,21451996,7188468,2760204,966468,2.992744978,1.002855469,0.385073103,0.134830915,,,,,
7200000,21545594,7222120,2766134,975124,2.992443611,1.003072222,0.384185278,0.135433889,,,,,
7232000,21647944,7253500,2778396,974745,2.993355088,1.002972898,0.384180863,0.134782218,,,,,
7264000,21740788,7283488,2790400,978487,2.99294989,1.002682819,0.384140969,0.134703607,,,,,
7296000,21833673,7314787,2802441,986952,2.992553865,1.002574973,0.384106497,0.135273026,,,,,
7328000,21933393,7348507,2814446,986577,2.993094023,1.002798444,0.384067413,0.134631141,,,,,
7360000,22024536,7378526,2829895,995551,2.99246413,1.00251712,0.384496603,0.135265082,,,,,
7392000,22121505,7413900,2838091,994466,2.992627841,1.002962662,0.383940882,0.134532738,,,,,
7424000,22218340,7444711,2850424,998445,2.992772091,1.002789736,0.383947198,0.13448882,,,,,
7456000,22317655,7479436,2862429,1006598,2.99324772,1.00314324,0.383909469,0.135005097,,,,,
7488000,22409664,7508868,2874456,1006764,2.99274359,1.002786859,0.383875,0.134450321,,,,,
7520000,22505925,7539772,2889876,1015034,2.992809176,1.002629255,0.384292021,0.134977926,,,,,
7552000,22605434,7573819,2899216,1014523,2.99330429,1.002889168,0.383900424,0.134338321,,,,,
7584000,22700611,7603471,2910494,1022964,2.993224024,1.002567379,0.383767669,0.134884494,,,,,
7616000,22797424,7638981,2922429,1022822,2.993359244,1.003017463,0.383722295,0.134299107,,,,,
7648000,22890235,7675591,2934444,1026456,2.992970058,1.00360761,0.383687762,0.134212343,,,,,
7680000,22989559,7698948,2949993,1034467,2.993432161,1.002467188,0.384113672,0.134696224,,,,,
7712000,23081484,7736553,2958453,1034541,2.992931017,1.00318374,0.383616831,0.134146914,,,,,
7744000,23181780,7763671,2970472,1043196,2.993514979,1.00254016,0.383583678,0.134710227,,,,,
7776000,23277789,7795255,2982456,1057992,2.993542824,1.002476209,0.383546296,0.136058642,,,,,
7808000,23372894,7832976,2998821,1066560,2.993454662,1.00319877,0.384070313,0.136598361,,,,,
7840000,23471143,7859913,3006451,1066260,2.99376824,1.002539923,0.383475893,0.136002551,,,,,
7872000,23576013,7893612,3018477,1074679,2.994920351,1.002745427,0.383444741,0.136519182,,,,,
7904000,23669769,7928032,3030434,1074163,2.994657009,1.003040486,0.383405111,0.135901189,,,,,
7936000,45186640,7956220,3061723,1078332,5.693881048,1.002547883,0.385801789,0.135878528,,,,,
7968000,41619340,7988565,3070399,1086604,5.223310743,1.002580949,0.38534124,0.136370984,,,,,
8000000,37450087,8026521,3084273,1086676,4.681260875,1.003315125,0.385534125,0.1358345,,,,,
8032000,34594435,8059053,3098546,1097512,4.307076071,1.003368152,0.385775149,0.13664243,,,,,
8064000,31901731,8086166,3106874,1094212,3.956067832,1.00274876,0.385277034,0.135690972,,,,,
8096000,30148329,8123352,3118387,1102728,3.723854867,1.003378458,0.38517626,0.136206522,,,,,
8128000,28491652,8153414,3130413,1102622,3.505370571,1.003126722,0.385139395,0.135657234,,,,,
8160000,27215018,8186544,3146308,1111207,3.335173775,1.003252941,0.385576961,0.136177328,,,,,
8192000,26035214,8227596,3157320,1111077,3.178126709,1.004345215,0.385415039,0.135629517,,,,,
8224000,24924612,8256559,3166545,1120228,3.03071644,1.003959022,0.385037087,0.136214494,,,,,
8256000,24739447,8290886,3182016,1118937,2.996541546,1.004225533,0.385418605,0.13553016,,,,,
8288000,24832730,8320730,3190512,1122261,2.996227075,1.003949083,0.384955598,0.135407939,,,,,
8320000,24933465,8357767,3203712,1130508,2.996810697,1.004539303,0.385061538,0.135878365,,,,,
8352000,25022164,8385554,3218443,1130469,2.995948755,1.004017481,0.385349976,0.135353089,,,,,
8384000,25117996,8419504,3226689,1140508,2.995944179,1.004234733,0.384862715,0.136033874,,,,,
8416000,25241784,8447616,3238816,1140345,2.999261407,1.003756654,0.384840304,0.135497267,,,,,
8448000,25310064,8484729,3256629,1151318,2.995982955,1.004347656,0.385491122,0.136282907,,,,,
8480000,25412995,8510604,3262591,1150401,2.996815448,1.003608962,0.384739505,0.135660495,,,,,
8512000,25508757,8550307,3274624,1160080,2.99679946,1.004500352,0.384706767,0.136287594,,,,,
8544000,25598236,8579467,3291588,1159332,2.996048221,1.0041511,0.385251404,0.135689607,,,,,
8576000,25698489,8609085,3298653,1168932,2.996558885,1.003857859,0.38463771,0.136302705,,,,,
8608000,25797007,8645092,3315050,1168101,2.996864196,1.004309015,0.385112686,0.135699466,,,,,
8640000,25892601,8673645,3322701,1177848,2.996828819,1.003894097,0.384571875,0.136325,,,,,
8672000,25981932,8709568,3334838,1177742,2.996071494,1.004332103,0.384552352,0.135809732,,,,,
8704000,26081848,8740497,3350661,1188139,2.996535846,1.00419313,0.384956457,0.13650494,,,,,
8736000,26182797,8766902,3358759,1187601,2.997115041,1.003537317,0.384473329,0.135943338,,,,,
8768000,26276784,8803783,3374944,1197470,2.996895985,1.00408109,0.384916058,0.136572765,,,,,
8800000,26370081,8840611,3382624,1195761,2.996600114,1.004614886,0.384389091,0.135881932,,,,,
8832000,26465868,8865415,3395090,1206960,2.996588315,1.003783401,0.384407835,0.136657609,,,,,
8864000,26563850,8899492,3410815,1203350,2.996824233,1.004004061,0.384794111,0.135756995,,,,,
8896000,26667264,8930836,3418819,1215429,2.997669065,1.003915917,0.38430969,0.136626461,,,,,
8928000,26769705,8960491,3435040,1215456,2.998398858,1.003639225,0.384749104,0.136139785,,,,,
8960000,26857752,8995077,3442838,1228420,2.997516964,1.003914844,0.384245313,0.137100446,,,,,
8992000,26956003,9029517,3459626,1228120,2.997776134,1.004172264,0.384744884,0.136579181,,,,,
9024000,27045979,9059426,3466915,1236544,2.997116467,1.003925754,0.384188276,0.137028369,,,,,
9056000,27145406,9091358,3478922,1236396,2.99750508,1.003904373,0.384156581,0.136527827,,,,,
9088000,27237235,9122848,3494642,1247044,2.997054908,1.003834507,0.384533671,0.13721875,,,,,
9120000,27333496,9154315,3502927,1244222,2.99709386,1.00376261,0.384092873,0.136427851,,,,,
9152000,27430531,9190658,3518467,1252653,2.997217111,1.004223995,0.38444788,0.13687205,,,,,
9184000,27529581,9219156,3526435,1252209,2.997558907,1.003827962,0.383975936,0.136346799,,,,,
9216000,27625382,9250963,3543698,1261154,2.99754579,1.003793728,0.384515842,0.136843967,,,,,
9248000,27714321,9284469,3551049,1260643,2.996790766,1.003943447,0.383980212,0.136315203,,,,,
9280000,27815608,9310024,3566464,1269172,2.997371552,1.003235345,0.384317241,0.136764224,,,,,
9312000,27923217,9350047,3574716,1273394,2.998627255,1.004085803,0.383882732,0.136747637,,,,,
9344000,28009262,9379713,3590445,1272758,2.997566567,1.003822025,0.384251391,0.136211259,,,,,
9376000,28102387,9412538,3598946,1281945,2.997268238,1.003896971,0.38384663,0.136726216,,,,,
9408000,28198332,9444566,3614076,1280752,2.997271684,1.003886692,0.384149235,0.136134354,,,,,
9440000,28294641,9475593,3626179,1289947,2.997313665,1.003770445,0.384129131,0.136646928,,,,,
9472000,28393464,9510028,3638635,1288377,2.997620777,1.00401478,0.384146432,0.136019531,,,,,
9504000,28487268,9541658,3646956,1297303,2.997397727,1.003962332,0.383728535,0.136500737,,,,,
9536000,28582286,9570434,3664771,1296998,2.997303482,1.003610948,0.384309039,0.136010696,,,,,
9568000,28681063,9605164,3670732,1306483,2.997602738,1.003884197,0.383646739,0.136547136,,,,,
9600000,28777843,9634020,3686476,1305040,2.997691979,1.00354375,0.384007917,0.135941667,,,,,
9632000,28870332,9669715,3694826,1313659,2.997335133,1.003915594,0.383599045,0.136384863,,,,,
9664000,28967234,9698827,3711909,1313323,2.997437293,1.003603787,0.384096544,0.135898489,,,,,
9696000,29070069,9729892,3722882,1322407,2.998150681,1.003495462,0.383960602,0.136386861,,,,,
9728000,29161260,9765096,3730742,1326463,2.997662418,1.003813322,0.383505551,0.13635516,,,,,
9760000,29256897,9796766,3746822,1325673,2.997632889,1.003767008,0.383895697,0.135827152,,,,,
9792000,29354414,9829168,3754932,1334666,2.997795547,1.003795752,0.383469363,0.136301675,,,,,
9824000,29451074,9859826,3770757,1317542,2.99786991,1.003646783,0.383831128,0.134114617,,,,,
9856000,29547268,9894420,3779251,1326583,2.99789651,1.003898133,0.383446733,0.134596489,,,,,
9888000,29663817,9927211,3796346,1325532,2.999981493,1.003965514,0.383934668,0.134054612,,,,,
9920000,29734466,9953964,3807753,1335945,2.997426008,1.00342379,0.383846069,0.134671875,,,,,
9952000,29831210,9988708,3814932,1333651,2.997509043,1.003688505,0.383333199,0.13400834,,,,,
9984000,29952691,10019896,3829896,1343515,3.000069211,1.003595353,0.383603365,0.134566807,,,,,
10016000,30025269,10050288,3824299,1349916,2.997730531,1.003423323,0.38181899,0.134775958,,,,,
,,,,,2.99070412,1.007317234,2.521125,,,,,,
Wakeup delay calculated 0.072973,,,,,,,,,,,,,
