reduction -- vector examples,,,,,,,,,,,,
testing option 0,,,,,,,,,,,,
testing option 1,,,,,,,,,,,,
testing option 2,,,,,,,,,,,,
testing option 3,,,,,,,,,,,,
testing option 4,,,,,,,,,,,,
testing option 5,,,,,,,,,,,,
size, combine4, combine6_5, combine8,  combine8_2,  combine8_4,  combine8_8 ,,,,,,
32000,79207,41040,72936,61802,61838,66638,2.47521875,1.2825,2.27925,1.9313125,1.9324375,2.0824375
64000,137426,70872,93775,73684,69691,74553,2.14728125,1.107375,1.465234375,1.1513125,1.088921875,1.164890625
96000,203736,106917,117741,85728,77767,83008,2.12225,1.11371875,1.22646875,0.893,0.810072917,0.864666667
128000,291410,135777,141741,97833,86404,90972,2.276640625,1.060757813,1.107351563,0.764320313,0.67503125,0.71071875
160000,389745,165753,165746,109708,93715,98757,2.43590625,1.03595625,1.0359125,0.685675,0.58571875,0.61723125
192000,483026,200781,189739,121804,101740,106869,2.515760417,1.045734375,0.988223958,0.634395833,0.529895833,0.556609375
224000,581738,230798,213760,133749,109747,115008,2.597044643,1.030348214,0.954285714,0.59709375,0.489941964,0.513428571
256000,683995,262800,237792,145752,117741,122944,2.671855469,1.0265625,0.928875,0.56934375,0.459925781,0.48025
288000,773808,295838,266904,157824,125740,130771,2.686833333,1.027215278,0.92675,0.548,0.436597222,0.454065972
320000,869803,325855,285758,169756,133804,138849,2.718134375,1.018296875,0.89299375,0.5304875,0.4181375,0.433903125
352000,967303,360760,309744,181826,141787,146992,2.748019886,1.024886364,0.879954545,0.516551136,0.402803977,0.417590909
384000,1058983,390780,333732,198170,149733,154903,2.757768229,1.01765625,0.86909375,0.516067708,0.389929688,0.403393229
416000,1160164,426708,357748,205747,162026,162758,2.788855769,1.025740385,0.859971154,0.494584135,0.389485577,0.391245192
448000,1253779,455824,381760,217752,165760,170880,2.798613839,1.017464286,0.852142857,0.486053571,0.37,0.381428571
480000,1350547,485860,405751,229766,173738,185140,2.813639583,1.012208333,0.845314583,0.478679167,0.361954167,0.385708333
512000,1442805,520790,434176,241749,181749,186938,2.817978516,1.017167969,0.848,0.472166016,0.354978516,0.365113281
544000,1545045,554956,453756,253752,189890,195146,2.84015625,1.020139706,0.834110294,0.466455882,0.3490625,0.358724265
576000,1642029,581980,477748,265764,198756,202884,2.850744792,1.010381944,0.829423611,0.461395833,0.3450625,0.352229167
608000,1733793,615775,501741,277759,205718,210928,2.851633224,1.012787829,0.825231908,0.456840461,0.338351974,0.346921053
640000,1833588,645799,525753,289759,214730,218906,2.86498125,1.009060938,0.821489063,0.452748438,0.335515625,0.342040625
672000,1930437,685195,554167,306204,221750,226773,2.872674107,1.019635417,0.824653274,0.455660714,0.329985119,0.337459821
704000,2025986,710774,573780,313764,230762,234880,2.877821023,1.009622159,0.815028409,0.4456875,0.327786932,0.333636364
736000,2122039,741799,597770,325771,237741,242923,2.883205163,1.007879076,0.8121875,0.442623641,0.323017663,0.330058424
768000,2217940,779815,621756,337759,250814,250917,2.887942708,1.015384115,0.809578125,0.439790365,0.326580729,0.326714844
800000,2313972,805812,649843,349764,254784,258775,2.892465,1.007265,0.81230375,0.437205,0.31848,0.32346875
832000,2409967,840801,669770,361756,262764,270715,2.896594952,1.010578125,0.805012019,0.434802885,0.315822115,0.325378606
864000,2505931,875740,693744,373759,270751,274939,2.900383102,1.013587963,0.802944444,0.432591435,0.313369213,0.318216435
896000,2601984,901948,721896,392222,278748,282912,2.904,1.006638393,0.8056875,0.437747768,0.311102679,0.31575
928000,2697988,935757,741736,397759,286742,290784,2.907314655,1.008358836,0.799284483,0.428619612,0.308989224,0.313344828
960000,2794269,970188,765751,409768,294753,298903,2.910696875,1.0106125,0.797657292,0.426841667,0.307034375,0.311357292
992000,2890298,1000812,795859,421761,302736,306960,2.913606855,1.008883065,0.802277218,0.425162298,0.305177419,0.309435484
1024000,2985856,1035240,813765,433785,310759,314964,2.915875,1.010976563,0.794692383,0.423618164,0.303475586,0.307582031
1056000,3090110,1061954,837760,445752,323308,323755,2.92624053,1.005638258,0.793333333,0.422113636,0.306162879,0.306586174
1088000,3178272,1095792,865797,462081,326772,335515,2.921205882,1.007161765,0.795769301,0.424706801,0.300341912,0.308377757
1120000,3274329,1129560,885770,469752,334773,339523,2.923508036,1.008535714,0.790866071,0.419421429,0.298904464,0.303145536
1152000,3373948,1160805,909760,481768,342768,347772,2.928774306,1.007643229,0.789722222,0.418201389,0.297541667,0.301885417
1184000,3466387,1194681,938148,493776,350745,355792,2.927691723,1.009021115,0.79235473,0.417040541,0.296237331,0.3005
1216000,3565804,1221945,957746,505754,358759,363792,2.932404605,1.00488898,0.787620066,0.415916118,0.295032072,0.299171053
1248000,3658370,1259649,986858,521565,366748,371769,2.931386218,1.009334135,0.790751603,0.417920673,0.29386859,0.297891827
1280000,3759175,1289875,1005770,529778,378828,384132,2.936855469,1.007714844,0.785757813,0.413889063,0.295959375,0.300103125
1312000,3850346,1320806,1029758,541764,382771,387784,2.934714939,1.00671189,0.784876524,0.412929878,0.291746189,0.295567073
1344000,3950040,1354855,1057567,553754,390775,395781,2.939017857,1.008076637,0.786880208,0.412019345,0.290755208,0.294479911
1376000,4045788,1381968,1077760,570026,398743,403766,2.940252907,1.004337209,0.783255814,0.414263081,0.289784157,0.293434593
1408000,4142287,1420226,1106104,577783,406744,411784,2.941965199,1.008683239,0.785585227,0.410357244,0.288880682,0.292460227
1440000,4234260,1445805,1125763,589766,414748,419760,2.940458333,1.00403125,0.781779861,0.409559722,0.288019444,0.2915
1472000,4334988,1484700,1153819,601764,428174,432156,2.944964674,1.008627717,0.783844429,0.408807065,0.290879076,0.293584239
1504000,4429845,1515664,1173784,617887,430778,435811,2.945375665,1.007755319,0.780441489,0.410829122,0.286421543,0.289767952
1536000,4526628,1542837,1202121,625771,438748,443757,2.947023438,1.004451172,0.782630859,0.407402995,0.285643229,0.288904297
1568000,4622618,1580239,1221758,637788,446743,451922,2.948098214,1.007805485,0.779182398,0.406752551,0.284912628,0.288215561
1600000,4721635,1610042,1250112,649771,454749,459765,2.951021875,1.00627625,0.78132,0.406106875,0.284218125,0.287353125
1632000,4815614,1640803,1269753,666031,467128,471703,2.950743873,1.005393995,0.778034926,0.40810723,0.286230392,0.289033701
1664000,4910498,1675250,1298131,673783,470738,475800,2.951020433,1.006760817,0.780126803,0.404917668,0.282895433,0.2859375
1696000,5006652,1707264,1317756,685771,478737,483796,2.952035377,1.006641509,0.776978774,0.404346108,0.282274175,0.285257075
1728000,5102726,1735812,1345562,701793,486734,491774,2.952966435,1.004520833,0.778681713,0.406130208,0.281674769,0.284591435
1760000,5198608,1769668,1365763,709807,494743,499807,2.953754545,1.005493182,0.776001705,0.403299432,0.281103977,0.28398125
1792000,5295499,1805179,1393548,721783,507136,512172,2.955077567,1.007354353,0.777649554,0.402780692,0.283,0.285810268
1824000,5394844,1835068,1417857,733766,510744,515767,2.957699561,1.006067982,0.777333882,0.402283991,0.280013158,0.282766996
1856000,5486743,1861896,1437763,749599,518726,523778,2.956219289,1.003176724,0.774656789,0.403878772,0.279485991,0.282207974
1888000,5582728,1899650,1467038,757776,526749,531777,2.95695339,1.006170551,0.777032839,0.401364407,0.278998411,0.281661547
1920000,5683663,1930216,1485768,769768,534739,539748,2.960241146,1.005320833,0.7738375,0.400920833,0.278509896,0.28111875
1952000,5774644,1966094,1513581,786079,546573,552098,2.958321721,1.007220287,0.775400102,0.402704406,0.28000666,0.28283709
1984000,5870685,1995218,1538203,793737,550778,555818,2.959014617,1.005654234,0.775303931,0.400069052,0.277609879,0.280150202
2016000,5970878,2026132,1557770,805740,558768,563762,2.96174504,1.005025794,0.772703373,0.399672619,0.277166667,0.279643849
2048000,6063523,2055844,1585581,822048,566750,571780,2.96070459,1.003830078,0.774209473,0.401390625,0.276733398,0.279189453
2080000,6162957,2089651,1610016,829780,579170,584160,2.962960096,1.004639904,0.774046154,0.398932692,0.278447115,0.280846154
2112000,6258861,2125207,1629794,841797,582768,587764,2.963475852,1.006253314,0.771682765,0.398578125,0.275931818,0.278297348
2144000,6350724,2155200,1657675,857534,590750,595807,2.962091418,1.005223881,0.77316931,0.399969216,0.275536381,0.277895056
2176000,6451948,2186964,1682210,865783,598747,603770,2.965049632,1.005038603,0.773074449,0.397878217,0.275159467,0.277467831
2208000,6547204,2220237,1701784,881788,611143,616099,2.965219203,1.00554212,0.770735507,0.399360507,0.276785779,0.279030344
2240000,6638702,2250278,1725799,889802,614779,619819,2.96370625,1.004588393,0.770445982,0.397233036,0.274454911,0.276704911
2272000,6739029,2285212,1754287,901788,622742,627808,2.966121919,1.005815141,0.772133363,0.396913732,0.27409419,0.276323944
2304000,6835831,2316117,1778162,918057,630768,635760,2.966940538,1.005259115,0.771771701,0.39846224,0.273770833,0.2759375
2336000,6930998,2346823,1797772,925790,643209,648216,2.967036815,1.004633134,0.769594178,0.396314212,0.275346318,0.277489726
2368000,7027130,2380200,1825636,937766,646771,651806,2.967538007,1.005152027,0.770961149,0.396016047,0.273129645,0.275255912
2400000,7123816,2412211,1850270,953714,654763,659772,2.968256667,1.005087917,0.770945833,0.397380833,0.272817917,0.274905
2432000,7219005,2445160,1873915,961785,662748,667766,2.968340872,1.005411184,0.77052426,0.395470806,0.272511513,0.274574836
2464000,7315051,2475352,1897915,977793,674587,679603,2.968770698,1.004607143,0.770257711,0.396831575,0.273777192,0.275812906
2496000,7414284,2506437,1917813,985790,678753,683796,2.970466346,1.00418149,0.768354567,0.394947917,0.271936298,0.273956731
2528000,7507063,2540253,1945641,997800,686774,691819,2.96956606,1.004846915,0.769636472,0.394699367,0.27166693,0.273662579
2560000,7603056,2570352,1970294,1013640,699235,704131,2.96994375,1.00404375,0.769646094,0.395953125,0.273138672,0.275051172
2592000,7703409,2606959,1994162,1021802,702758,707791,2.971994213,1.005771219,0.769352623,0.394213735,0.271125772,0.273067515
2624000,7797736,2636361,2017819,1038139,710772,715800,2.971698171,1.004710747,0.768985899,0.395632241,0.270873476,0.272789634
2656000,7898421,2667235,2041795,1045773,722896,728112,2.973803087,1.004230045,0.768748117,0.393739834,0.272174699,0.274138554
2688000,7987137,2699767,2061782,1061904,726784,731784,2.971405134,1.004377604,0.767031994,0.395053571,0.270380952,0.272241071
2720000,8088448,2733758,2089627,1069802,734786,739795,2.973694118,1.005058088,0.768245221,0.393309559,0.270141912,0.271983456
2752000,8179063,2764996,2114400,1085776,742828,747816,2.972043241,1.004722384,0.768313953,0.394540698,0.269922965,0.271735465
2784000,8279462,2795272,2139086,1093807,754608,759854,2.973944684,1.004048851,0.768349856,0.392890445,0.271051724,0.272936063
2816000,8379573,2826583,2162232,1105800,758762,763807,2.975700639,1.003758168,0.767838068,0.392684659,0.269446733,0.271238281
2848000,8480568,2860276,2186241,1121623,766768,771799,2.977727528,1.004310393,0.767640801,0.393828301,0.269230337,0.27099684
2880000,8569816,2890356,2209898,1129792,779356,784288,2.975630556,1.003595833,0.767325694,0.392288889,0.270609722,0.272322222
2912000,8672025,2929612,2233920,1145728,782772,787807,2.978030563,1.006048077,0.767142857,0.393450549,0.268809066,0.270538118
2944000,8759748,2955321,2257970,1153804,790756,795782,2.97545788,1.003845448,0.766973505,0.39191712,0.268599185,0.270306386
2976000,8851416,2987373,2281881,1169659,803234,808125,2.974266129,1.003821573,0.766761089,0.393030578,0.269903898,0.271547379
3008000,8951613,3020488,2305879,1177800,806786,811804,2.975935173,1.004151596,0.766582114,0.391555851,0.268213431,0.269881649
3040000,9047608,3053733,2330030,1194230,814780,819792,2.976186842,1.004517434,0.766457237,0.392838816,0.268019737,0.269668421
3072000,9144400,3085219,2349794,1201797,827280,832243,2.976692708,1.00430306,0.764906901,0.391209961,0.269296875,0.270912435
3104000,9235178,3115384,2377627,1218249,830788,835824,2.975250644,1.003667526,0.76598808,0.392477126,0.267650773,0.269273196
3136000,9335738,3150247,2401694,1225814,838783,843799,2.97695727,1.004543048,0.765846301,0.390884566,0.267469069,0.269068559
3168000,9432518,3183643,2425680,1242225,850718,855662,2.977436237,1.004937816,0.765681818,0.392116477,0.268534722,0.270095328
3200000,9527724,3210480,2453654,1249814,854781,859816,2.97741375,1.003275,0.766766875,0.390566875,0.267119063,0.2686925
3232000,9625171,3248947,2473996,1265779,866976,872212,2.978085087,1.005243502,0.765469059,0.391639542,0.268247525,0.269867574
3264000,9722608,3275361,2497980,1273802,870796,875788,2.978740196,1.003480699,0.7653125,0.390257966,0.26678799,0.268317402
3296000,9815810,3306571,2521996,1289702,878786,883814,2.978097694,1.003207221,0.765168689,0.391293083,0.266621966,0.268147451
3328000,9912417,3343785,2546042,1301877,891355,896390,2.978490685,1.004743089,0.765036659,0.391189002,0.267835036,0.269347957
3360000,10011736,3370291,2570061,1309843,894787,899774,2.979683333,1.003062798,0.764899107,0.389834226,0.266305655,0.267789881
3392000,10103680,3409389,2594076,1325925,902769,907795,2.978679245,1.005126474,0.764762972,0.3908977,0.266146521,0.267628243
3424000,10200470,3435386,2618330,1333838,915422,920270,2.979109229,1.00332535,0.764699182,0.389555491,0.267354556,0.268770444
3456000,10295628,3467611,2643321,1350271,918792,923810,2.979059028,1.003359664,0.764849826,0.390703414,0.265854167,0.267306134
3488000,10396884,3504199,2669320,1357819,930950,936271,2.980758028,1.004644209,0.765286697,0.38928297,0.266900803,0.268426319
3520000,10487680,3530464,2695149,1374316,934783,939830,2.979454545,1.002972727,0.76566733,0.390430682,0.265563352,0.266997159
3552000,10584535,3569016,2719480,1381850,942787,947781,2.979880349,1.004790541,0.765619369,0.389034347,0.265424268,0.266830236
3584000,10683532,3595360,2750462,1397880,955560,960302,2.980896205,1.003169643,0.767428013,0.390033482,0.266618304,0.267941406
3616000,10775752,3631020,2766112,1410187,958788,963847,2.980019912,1.004153761,0.764964602,0.389985343,0.265151549,0.266550608
3648000,10877392,3660456,2788603,1417869,971025,976216,2.981741228,1.003414474,0.764419682,0.38867023,0.266180099,0.26760307
3680000,10971962,3694039,2813594,1434271,974786,979807,2.981511413,1.003814946,0.764563587,0.389747554,0.2648875,0.266251902
3712000,11064542,3725416,2837628,1441816,982819,987818,2.980749461,1.003614224,0.764447198,0.388420259,0.26476805,0.266114763
3744000,11164245,3759244,2862079,1457839,995493,1000267,2.981903045,1.004071581,0.764444177,0.389380075,0.265890224,0.267165331
3776000,11256484,3790396,2891484,1469935,998786,1019371,2.981060381,1.0038125,0.765753178,0.389283633,0.264509004,0.26996054
3808000,11355300,3820509,2910585,1477852,1011974,1032218,2.981959034,1.003284926,0.764334296,0.388091387,0.265749475,0.271065651
3840000,11452812,3854784,2932992,1494381,1031071,1035854,2.982503125,1.00385,0.7638,0.389161719,0.268508073,0.269753646
3872000,11548185,3885432,2973369,1521876,1038772,1047914,2.982485795,1.003469008,0.767915548,0.393046488,0.268277893,0.270638946
3904000,11644972,3921249,3003609,1529726,1050804,1051833,2.982830943,1.004418289,0.769367059,0.391835553,0.269160861,0.269424436
3936000,11740032,3951936,3021393,1546161,1054800,1059804,2.982731707,1.00404878,0.767630335,0.392825457,0.267987805,0.269259146
3968000,11832542,3980577,3045314,1553690,1067376,1072264,2.981991431,1.003169607,0.767468246,0.39155494,0.268995968,0.270227823
4000000,11931684,4019272,3065827,1569441,1070779,1075831,2.982921,1.004818,0.76645675,0.39236025,0.26769475,0.26895775
4032000,12029032,4053633,3097519,1581796,1083408,1088234,2.983390873,1.005365327,0.768233879,0.392310516,0.268702381,0.269899306
4064000,12133017,4077556,3114115,1589529,1086804,1092424,2.985486467,1.00333563,0.766268455,0.391124262,0.267422244,0.268805118
4096000,12237600,4121539,3138451,1605590,1099852,1106150,2.987695313,1.006235107,0.766223389,0.391989746,0.268518555,0.270056152
4128000,12332491,4156072,3165852,1617926,1103568,1109755,2.987522045,1.006800388,0.766921512,0.391939438,0.267337209,0.268835998
4160000,12432350,4186533,3186391,1625803,1115560,1122583,2.988545673,1.006378125,0.765959375,0.390818029,0.268163462,0.269851683
4192000,12526394,4217164,3210799,1642728,1119225,1126365,2.988166508,1.006002863,0.765934876,0.391872137,0.266990697,0.268693941
4224000,12621357,4251312,3238324,1656535,1126989,1138392,2.988010653,1.006465909,0.766648674,0.392172112,0.266806108,0.269505682
4256000,12720624,4282987,3259821,1671067,1139841,1143228,2.988868421,1.00634093,0.765935385,0.392637923,0.267819784,0.268615602
4288000,12813132,4316714,3282739,1682925,1144125,1155624,2.988137127,1.006696362,0.765564132,0.392473181,0.266820196,0.269501866
4320000,12908450,4346496,3310564,1698873,1156536,1158544,2.98806713,1.006133333,0.766334259,0.393257639,0.267716667,0.268181481
4352000,13009471,4377393,3330888,1710624,1160438,1171960,2.989308594,1.005834789,0.765369485,0.393066176,0.266644761,0.269292279
4384000,13100184,4411192,3355087,1719295,1173072,1176112,2.988180657,1.006202555,0.765302692,0.392174954,0.267580292,0.268273723
4416000,13201536,4443319,3378926,1736383,1183221,1183756,2.989478261,1.006186368,0.765155344,0.393202672,0.267939538,0.268060688
4448000,13294716,4476405,3402796,1751119,1198092,1198020,2.988919964,1.006386016,0.765017086,0.393686826,0.269355216,0.269339029
4480000,13393680,4506775,3431313,1762855,1203914,1205848,2.989660714,1.005976563,0.76591808,0.39349442,0.268730804,0.2691625
4512000,13488708,4541613,3454855,1770216,1223486,1217433,2.989518617,1.006563165,0.765703679,0.392335106,0.271162677,0.269821144
4544000,13580812,4571606,3478687,1786965,1243149,1226961,2.988735035,1.006075264,0.765556118,0.393258143,0.273580326,0.270017826
4576000,13681356,4603620,3498883,1803715,1254120,1231526,2.989806818,1.006035839,0.76461604,0.394168488,0.274064685,0.269127185
4608000,13776645,4632552,3527064,1815933,1259400,1241644,2.989723307,1.005328125,0.765421875,0.394082682,0.273307292,0.269453993
4640000,13868930,4666394,3547147,1824225,1271913,1247047,2.988993534,1.005688362,0.764471336,0.39315194,0.274119181,0.268760129
4672000,13968904,4701590,3574562,1842218,1277431,1260175,2.989919521,1.006333476,0.765103168,0.39431036,0.273422731,0.269729238
4704000,14065663,4731345,3595564,1852190,1291903,1262313,2.990149447,1.005813138,0.764363095,0.393747874,0.274639243,0.268348852
4736000,14160319,4762466,3622519,1862431,1299499,1279387,2.989932221,1.00558826,0.764889992,0.393249789,0.274387458,0.270140836
4768000,14257860,4797381,3643106,1873569,1305955,1278744,2.990322987,1.006162122,0.764074245,0.392946518,0.273899958,0.268192953
4800000,14354167,4826582,3671068,1888233,1315204,1291917,2.990451458,1.005537917,0.764805833,0.393381875,0.274000833,0.269149375
4832000,14449339,4861536,3691084,1900396,1320842,1294869,2.990343336,1.006112583,0.763883278,0.393293874,0.273353063,0.267977856
4864000,14545310,4892491,3718437,1912840,1334390,1308216,2.990400905,1.005857525,0.764481291,0.393264803,0.274340049,0.268958882
4896000,14640544,4922608,3739214,1924948,1336908,1309994,2.99030719,1.005434641,0.76372835,0.393167484,0.273061275,0.267564134
4928000,14737502,4961551,3771871,1932530,1348891,1325522,2.990564529,1.006808239,0.765395901,0.392153003,0.273719765,0.268977679
4960000,14832820,4988995,3790058,1948922,1351747,1326974,2.990487903,1.005845766,0.764124597,0.392927823,0.272529637,0.267535081
4992000,14934079,5021500,3820435,1960792,1364004,1338655,2.991602364,1.005909455,0.765311498,0.392786859,0.273237981,0.268160056
5024000,15025108,5052352,3844003,1973582,1375356,1347127,2.990666401,1.005643312,0.765127986,0.392830812,0.273757166,0.268138336
5056000,15120926,5083384,3861456,1985697,1378512,1351135,2.990689478,1.005416139,0.763737342,0.392740704,0.272648734,0.267233979
5088000,15221928,5118096,3892255,1993689,1388767,1365127,2.991731132,1.005915094,0.764987225,0.391841392,0.272949489,0.268303263
5120000,15313792,5146461,3911781,2009392,1394544,1366826,2.990975,1.005168164,0.764019727,0.392459375,0.272371875,0.266958203
5152000,15408984,5183325,3938359,2021100,1407842,1380348,2.990874224,1.006080163,0.764433036,0.392294255,0.273261258,0.267924689
5184000,15516828,5223734,3962520,2034081,1417392,1382112,2.993215278,1.007664738,0.764375,0.392376736,0.273416667,0.266611111
5216000,15600643,5250674,3979233,2046180,1421260,1395432,2.990920821,1.006647623,0.762889762,0.39228911,0.272480828,0.267529141
5248000,15702319,5279680,4006792,2058492,1433253,1406536,2.992057736,1.006036585,0.763489329,0.39224314,0.273104611,0.26801372
5280000,15793116,5306632,4031116,2068934,1439052,1406433,2.991120455,1.005043939,0.763468939,0.391843561,0.272547727,0.266369886
5312000,15894357,5341802,4051168,2077960,1450699,1419770,2.99216058,1.005610316,0.762644578,0.391182229,0.273098456,0.267275979
5344000,15992092,5375436,4082138,2093832,1458112,1423514,2.992532186,1.005882485,0.763873129,0.39180988,0.272850299,0.266376123
5376000,16081828,5404080,4102622,2106590,1460623,1434976,2.991411458,1.005223214,0.763136533,0.391850818,0.271693266,0.266922619
5408000,16181311,5436153,4127186,2117556,1474752,1442865,2.992106324,1.005205806,0.763163092,0.391559911,0.272698225,0.26680196
5440000,16278343,5466525,4147171,2131360,1478560,1447036,2.992342463,1.004875919,0.76234761,0.391794118,0.271794118,0.265999265
5472000,16374338,5505669,4175090,2144616,1491067,1458804,2.99238633,1.006152961,0.762991594,0.391925439,0.272490314,0.266594298
5504000,16469366,5531558,4199419,2154345,1498862,1462792,2.992253997,1.005006904,0.762975836,0.391414426,0.272322311,0.265768895
5536000,16566398,5563557,4223623,2167821,1501960,1475184,2.992485188,1.004977782,0.762937681,0.391586163,0.271307803,0.266471098
5568000,16662391,5600052,4243168,2177738,1518218,1482676,2.992527119,1.005756466,0.762063218,0.391116739,0.272668463,0.266285201
5600000,16757136,5626855,4271251,2190252,1523126,1487553,2.992345714,1.004795536,0.762723393,0.391116429,0.271986786,0.265634464
5632000,16854004,5661756,4297094,2199638,1529637,1500180,2.992543324,1.005283381,0.762978338,0.390560724,0.271597479,0.266367188
5664000,16952870,5696952,4324322,2214588,1541709,1506472,2.993091455,1.005817797,0.763474929,0.390993644,0.272194386,0.265973164
5696000,17045306,5722812,4347962,2226940,1545170,1512295,2.992504565,1.004707163,0.763336025,0.39096559,0.271272823,0.265501229
5728000,17142420,5760120,4365196,2239195,1557681,1523968,2.992740922,1.005607542,0.762080307,0.390920915,0.271941515,0.266055866
5760000,17238312,5786227,4396591,2251968,1566765,1526344,2.9927625,1.004553299,0.763297049,0.390966667,0.272007813,0.264990278
5792000,17333172,5820794,4417557,2264294,1569463,1540041,2.992605663,1.00497134,0.762699758,0.390934738,0.270970822,0.265891057
5824000,17434490,5856451,4441972,2275699,1579682,1548520,2.993559409,1.005571944,0.762701236,0.390745021,0.271236607,0.265885989
5856000,17533576,5882906,4466774,2287341,1590736,1550908,2.994121585,1.004594604,0.762768784,0.390597848,0.271642077,0.264840847
5888000,17648947,5920221,4487798,2298429,1594552,1564144,2.997443444,1.005472317,0.762193954,0.390358186,0.270813859,0.265649457
5920000,17745021,5946691,4509511,2311224,1606497,1572746,2.997469764,1.004508615,0.761741723,0.390409459,0.271367736,0.265666554
5952000,17820643,5986857,4535220,2328091,1618346,1574947,2.994059644,1.005856351,0.761965726,0.391144321,0.27189953,0.264608031
5984000,17912803,6012213,4558960,2336011,1621831,1587393,2.993449699,1.004714739,0.761858289,0.39037617,0.271027908,0.265272894
6016000,18005606,6046593,4583013,2349974,1634978,1596535,2.992953125,1.005085273,0.761804023,0.390620678,0.271771609,0.265381483
6048000,18102573,6076660,4608180,2359392,1649697,1599134,2.993150298,1.004738757,0.761934524,0.390111111,0.272767361,0.264407077
6080000,18196867,6111084,4630692,2372757,1653883,1612298,2.992905757,1.0051125,0.761626974,0.390256086,0.27202023,0.265180592
6112000,18294494,6142012,4654812,2387035,1665900,1620256,2.993209097,1.00491034,0.761585733,0.39054892,0.272562173,0.265094241
6144000,18385394,6180321,4678732,2397436,1673308,1622488,2.992414388,1.005911621,0.76151237,0.390207682,0.272348307,0.264076823
6176000,18486448,6206388,4703318,2407608,1681771,1636322,2.993272021,1.004920337,0.761547604,0.389832902,0.272307481,0.26494851
6208000,18582285,6237698,4728213,2422164,1687656,1644655,2.993280445,1.004783827,0.761632249,0.39016817,0.271851804,0.264925097
6240000,18678561,6270175,4750694,2432349,1700373,1646714,2.993359135,1.004835737,0.761329167,0.389799519,0.272495673,0.263896474
6272000,18768888,6301766,4777096,2445583,1708279,1659177,2.99248852,1.004745855,0.761654337,0.389920759,0.272365912,0.264537149
6304000,18870739,6335179,4799109,2456004,1710499,1670685,2.993454791,1.004945907,0.761279981,0.389594543,0.271335501,0.265019829
6336000,18966496,6367939,4822740,2468316,1725477,1670786,2.993449495,1.005040878,0.761164773,0.389570076,0.272329072,0.263697285
6368000,19062276,6396672,4848290,2482375,1732490,1683444,2.993447864,1.004502513,0.761352073,0.389820195,0.272061872,0.264359925
6400000,19157347,6430639,4871239,2493794,1738063,1692093,2.993335469,1.004787344,0.761131094,0.389655313,0.271572344,0.264389531
6432000,19254460,6465758,4894555,2506228,1743192,1698950,2.993541667,1.005248445,0.760969372,0.389649876,0.271018657,0.264140236
6464000,19350926,6491901,4919784,2517448,1761405,1703491,2.99364573,1.004316368,0.761105198,0.389456683,0.272494585,0.263535118
6496000,19446477,6526533,4942689,2529912,1769695,1716508,2.993607913,1.004700277,0.760881927,0.389456897,0.272428417,0.264240764
6528000,19544952,6560035,4966732,2542675,1778412,1723764,2.994018382,1.004907322,0.760835172,0.389502911,0.272428309,0.264056985
6560000,19642425,6589941,4991241,2553554,1786372,1727664,2.994272104,1.004564177,0.760859909,0.38926128,0.272312805,0.263363415
6592000,19733767,6622418,5015040,2565244,1799527,1740316,2.993593295,1.004614381,0.760776699,0.389145024,0.272986499,0.264004248
6624000,19830604,6655399,5039100,2576908,1811234,1746852,2.993750604,1.004740187,0.760733696,0.389025966,0.273435085,0.26371558
6656000,19926151,6686421,5062740,2589955,1815981,1756908,2.99371259,1.004570463,0.760628005,0.389115835,0.272833684,0.263958534
6688000,20028981,6721000,5091892,2605593,1822065,1759653,2.994763906,1.004934211,0.761347488,0.389592255,0.272437949,0.263106011
6720000,20121259,6750031,5111570,2614456,1834903,1772284,2.99423497,1.004468899,0.760650298,0.389055952,0.273051042,0.263732738
6752000,20218339,6781747,5135152,2625696,1841827,1778702,2.994422245,1.004405658,0.760537915,0.388876777,0.272782435,0.263433353
6784000,20310386,6817437,5159133,2638284,1851924,1785828,2.993865861,1.004928803,0.760485407,0.388897995,0.27298408,0.263241156
6816000,20412844,6847920,5183786,2648664,1852694,1790260,2.994842136,1.004683099,0.760531984,0.38859507,0.271815434,0.262655516
6848000,20502669,6880228,5208144,2661076,1867416,1804622,2.993964515,1.004706192,0.760535047,0.388591706,0.272695093,0.263525409
6880000,20683684,6910324,5235631,2674368,1876130,1812379,3.006349419,1.004407558,0.760992878,0.388716279,0.272693314,0.26342718
6912000,20694108,6948408,5255270,2686581,1883918,1820656,2.993939236,1.005267361,0.760311053,0.388683594,0.272557581,0.263405093
6944000,20794507,6977236,5279272,2698185,1886253,1824633,2.994600662,1.00478629,0.760263825,0.388563508,0.271637817,0.262763969
6976000,20890435,7007068,5303200,2715878,1900915,1837816,2.994615109,1.004453555,0.760206422,0.389317374,0.272493549,0.263448394
7008000,20987556,7036651,5328204,2721957,1910587,1844815,2.994799658,1.004088328,0.760303082,0.388407106,0.272629424,0.26324415
7040000,21082473,7071254,5355072,2733736,1922340,1854127,2.99466946,1.004439489,0.760663636,0.388314773,0.273059659,0.263370313
7072000,21177969,7106508,5375512,2745722,1932974,1858317,2.994622313,1.004879525,0.760111991,0.388252545,0.273327771,0.262771069
7104000,21274612,7136421,5399712,2759023,1939461,1870387,2.99473705,1.004563767,0.760094595,0.388375985,0.273009713,0.263286458
7136000,21370041,7166688,5423613,2769564,1950148,1878962,2.994680633,1.004300448,0.760035454,0.388111547,0.273283072,0.263307455
7168000,21474698,7201593,5455197,2782449,1958486,1886536,2.995912109,1.004686523,0.761048689,0.388176479,0.273226283,0.263188616
7200000,21562543,7230542,5471332,2797504,1969240,1893972,2.994797639,1.004241944,0.759907222,0.388542222,0.273505556,0.263051667
7232000,21658368,7265409,5495210,2807198,1977242,1897768,2.99479646,1.004619607,0.759846515,0.38816344,0.273401825,0.262412611
7264000,21756976,7298628,5520420,2818579,1984780,1910354,2.995178414,1.00476707,0.759969714,0.388020237,0.273235132,0.262989262
7296000,21849667,7326736,5550249,2830552,1987447,1917844,2.994746025,1.004212719,0.760724918,0.38795943,0.272402275,0.26286239
7328000,21945825,7364479,5567913,2844139,2001614,1925985,2.994790529,1.004978029,0.759813455,0.388119405,0.273146015,0.262825464
7360000,22042399,7391455,5595645,2860425,2009748,1934568,2.994891168,1.004273777,0.760277853,0.388644701,0.273063587,0.262848913
7392000,22142258,7425722,5624988,2868216,2016362,1937822,2.995435335,1.004561959,0.760956169,0.388016234,0.272776245,0.262151245
7424000,22255994,7456975,5639892,2881380,2025441,1950864,2.997844019,1.004441676,0.759683728,0.388116918,0.272823411,0.262778017
7456000,22330591,7486452,5670919,2891889,2033299,1960176,2.994982698,1.004084227,0.76058463,0.387860649,0.272706411,0.262899142
7488000,22426574,7520964,5690752,2904256,2037012,1968122,2.99500187,1.004402244,0.759982906,0.387854701,0.272036859,0.262836806
7520000,22525828,7550604,5714028,2919804,2047380,1976652,2.995455851,1.004069681,0.759844149,0.388271809,0.272257979,0.26285266
7552000,22618382,7589061,5741844,2927848,2054904,1985546,2.995018803,1.004907442,0.760307733,0.387691737,0.272100636,0.262916578
7584000,22721402,7623856,5759841,2941116,2064307,1988457,2.995965454,1.005255274,0.759472706,0.38780538,0.272192379,0.26219106
7616000,22811025,7649618,5785449,2952784,2074387,2001350,2.995145089,1.004414128,0.759644039,0.387707983,0.272372243,0.2627823
7648000,22910332,7679954,5813870,2963520,2081035,2010093,2.995597803,1.004178086,0.760181747,0.38748954,0.272101857,0.262825968
7680000,23005404,7711137,5831292,2979652,2091374,2017387,2.995495313,1.004054297,0.759282813,0.387975521,0.272314323,0.262680599
7712000,23106595,7746660,5859590,2988837,2100768,2025794,2.996187111,1.004494295,0.759801608,0.387556665,0.27240249,0.262680757
7744000,23198923,7779765,5880585,3001396,2103340,2034686,2.995728693,1.004618414,0.759373063,0.387576963,0.271608988,0.262743543
7776000,23290401,7807228,5977104,3012496,2115163,2036827,2.995164738,1.004015947,0.768660494,0.387409465,0.272011703,0.261937629
7808000,23390596,7840639,5928669,3029913,2124676,2050754,2.995721824,1.0041802,0.759306993,0.388052382,0.272115266,0.262647797
7840000,23486347,7870896,5956202,3039084,2131783,2058112,2.995707526,1.003940816,0.759719643,0.387638265,0.271911097,0.262514286
7872000,23585392,7910392,5976732,3051309,2140243,2066289,2.996111789,1.004877033,0.759239329,0.387615473,0.271880462,0.262485899
7904000,23678277,7936857,6003338,3064267,2148912,2074070,2.995733426,1.004157009,0.75953163,0.387685602,0.271876518,0.262407642
7936000,23774570,7967313,6023455,3072146,2156011,2084323,2.99578755,1.003945691,0.759003906,0.387115171,0.271674773,0.262641507
7968000,23867112,8004928,6051429,3086584,2163818,2090289,2.995370482,1.004634538,0.759466491,0.38737249,0.271563504,0.262335467
8000000,23965802,8030748,6072201,3099189,2171421,2096664,2.99572525,1.0038435,0.759025125,0.387398625,0.271427625,0.262083
8032000,24062767,8065624,6099513,3113095,2179828,2106938,2.995862425,1.004186255,0.759401519,0.387586529,0.271392928,0.262317978
8064000,24162789,8101488,6119277,3121032,2194005,2116032,2.996377604,1.00464881,0.758838914,0.387032738,0.272074033,0.262404762
8096000,24254121,8127626,6147600,3134107,2205064,2124072,2.995815341,1.003906374,0.759337945,0.387117959,0.272364625,0.262360672
8128000,24350421,8164812,6169005,3149388,2215708,2133326,2.995868725,1.004529035,0.758981914,0.387473917,0.27260187,0.262466289
8160000,24446532,8191396,6195302,3157804,2225940,2140238,2.995898529,1.003847549,0.759228186,0.386985784,0.272786765,0.262284069
8192000,24545251,8228164,6221846,3170352,2234988,2147930,2.99624646,1.004414551,0.759502686,0.387005859,0.272825684,0.262198486
8224000,24639129,8261268,6239539,3185520,2242152,2156505,2.99600304,1.004531615,0.758698808,0.387344358,0.272635214,0.262220939
8256000,24742473,8286775,6268327,3195640,2249541,2164212,2.996908067,1.003727592,0.759245034,0.387068798,0.272473474,0.262138081
8288000,24833980,8326317,6287366,3206172,2257348,2169033,2.996377896,1.00462319,0.758610763,0.386845077,0.272363417,0.26170765
8320000,24930688,8350778,6315681,3222396,2265033,2180493,2.996476923,1.003699279,0.759096274,0.387307212,0.272239543,0.262078486
8352000,25022656,8390361,6339141,3230467,2272850,2192164,2.996007663,1.004593032,0.758996767,0.386789631,0.272132423,0.262471743
8384000,25119278,8417299,6360595,3243386,2283297,2200521,2.99609709,1.003971732,0.758658755,0.386854246,0.272339814,0.262466722
8416000,25218374,8462426,6387259,3259029,2287442,2207796,2.9964798,1.005516397,0.758942372,0.387242039,0.271796816,0.262333175
8448000,25310769,8486500,6411674,3265231,2297635,2214573,2.996066406,1.004557292,0.758957623,0.386509351,0.27197384,0.26214169
8480000,25413674,8519148,6431160,3279196,2306028,2223739,2.996895519,1.004616509,0.758391509,0.386697642,0.271937264,0.262233373
8512000,25506794,8546632,6460173,3294064,2316052,2232007,2.996568844,1.004068609,0.758948896,0.386990602,0.272092575,0.262218867
8544000,25598827,8580592,6483792,3304260,2324349,2238583,2.996117392,1.004282772,0.758870787,0.386734551,0.272044593,0.262006437
8576000,25697985,8615284,6507338,3320236,2337132,2248612,2.996500117,1.00458069,0.758784748,0.387154384,0.272520056,0.262198228
8608000,25797576,8642676,6527064,3326570,2347243,2255354,2.996930297,1.004028346,0.758255576,0.386450976,0.272681575,0.262006738
8640000,25890206,8676196,6555674,3338510,2352470,2264354,2.99655162,1.004189352,0.758758565,0.38640162,0.27227662,0.262078009
8672000,25982169,8706381,6579021,3354708,2364014,2275029,2.996098824,1.003964599,0.758650946,0.386843635,0.27260309,0.262341905
8704000,26085453,8739494,6602020,3364466,2372402,2284934,2.996950023,1.004077895,0.758504136,0.386542509,0.272564568,0.262515395
8736000,26179910,8772722,6629246,3375525,2381757,2292069,2.99678457,1.004203526,0.758842262,0.386392514,0.272637019,0.262370536
8768000,26274021,8800824,6652380,3386884,2390851,2300577,2.996580862,1.003743613,0.758711223,0.386277828,0.272679174,0.262383326
8800000,26370345,8835074,6678307,3399422,2398041,2301763,2.996630114,1.003985682,0.758898523,0.386297955,0.272504659,0.261563977
8832000,26468390,8870748,6701128,3417530,2406446,2317132,2.996873868,1.004387228,0.75873279,0.386948596,0.272468976,0.262356431
8864000,26563224,8900848,6721068,3423062,2403036,2324323,2.99675361,1.00415704,0.758243231,0.386175767,0.271100632,0.262220555
8896000,26658328,8927812,6747660,3442915,2412300,2327630,2.996664568,1.003575989,0.758504946,0.387018323,0.271166817,0.261649056
8928000,26756570,8965987,6775956,3448339,2419768,2339212,2.996927643,1.004254816,0.758955645,0.386238687,0.271031362,0.262008513
8960000,26854413,8994340,6804626,3459782,2430818,2350437,2.997144308,1.003832589,0.759444866,0.386136384,0.271296652,0.262325558
8992000,26947298,9025384,6827097,3475248,2443231,2356886,2.996808052,1.003712633,0.759241214,0.386482206,0.271711633,0.262109208
9024000,27042662,9060343,6843856,3483715,2445331,2365682,2.996748892,1.004027371,0.758406028,0.386049978,0.270980829,0.262154477
9056000,27138208,9090283,6863366,3499737,2454360,2373571,2.996710247,1.003785667,0.757880521,0.386455057,0.271020318,0.262099271
9088000,27238228,9125510,6893716,3506616,2452651,2382691,2.997164173,1.004127421,0.758551496,0.385851232,0.269877971,0.262179908
9120000,27332419,9154648,6915660,3524892,2460448,2390911,2.996975768,1.003799123,0.758296053,0.386501316,0.269785965,0.262161294
9152000,27430579,9190435,6938836,3532656,2468976,2400427,2.997222356,1.004199628,0.75817701,0.385998252,0.269774476,0.262284419
9184000,27521702,9216816,6963549,3548532,2476771,2406376,2.996701002,1.003573171,0.758226154,0.386381969,0.269683253,0.262018293
9216000,27624012,9250886,6991070,3556312,2485776,2416058,2.997397135,1.003785373,0.758579644,0.385884549,0.269723958,0.262159071
9248000,27713860,9288014,7010990,3578126,2495654,2423407,2.996740917,1.004326773,0.75810878,0.386908088,0.26985878,0.262046605
9280000,27848848,9315208,7035084,3580384,2512797,2429354,3.000953448,1.003793966,0.758090948,0.385817241,0.270775539,0.261783836
9312000,27938479,9348885,7060238,3598077,2516349,2440322,3.000266216,1.003961018,0.75818707,0.38639143,0.270226482,0.26206207
9344000,28006567,9380966,7083472,3608080,2519796,2443171,2.997278146,1.003956122,0.758077055,0.386138699,0.269669949,0.261469499
9376000,28101955,9410383,7107384,3620572,2528160,2452656,2.997222163,1.003667129,0.758040102,0.386153157,0.269641638,0.261588737
9408000,28200518,9443949,7130988,3628797,2538100,2455329,2.997504039,1.00382111,0.757970663,0.385713967,0.269781037,0.260983099
9440000,28289863,9475075,7156216,3644647,2542262,2463528,2.996807521,1.003715572,0.758073729,0.386085487,0.269307415,0.260966949
9472000,28390567,9509882,7179420,3654343,2550816,2472256,2.997314928,1.003999367,0.757962416,0.385804793,0.269300676,0.261006757
9504000,28485724,9547425,7203273,3669352,2559484,2480160,2.997235269,1.004569129,0.757920139,0.386085017,0.269305976,0.260959596
9536000,28581876,9567019,7226810,3677940,2572053,2492109,2.997260487,1.003252831,0.757845008,0.385690017,0.269720323,0.261336934
9568000,28677784,9604603,7251645,3692414,2578591,2496276,2.997260033,1.003825564,0.757906041,0.385912834,0.269501568,0.260898411
9600000,28773600,9638836,7285814,3700896,2590293,2502868,2.99725,1.004045417,0.758938958,0.38551,0.269822188,0.260715417
9632000,28874488,9670965,7313481,3719006,2606644,2511645,2.997766611,1.00404537,0.759289971,0.386109427,0.270623339,0.260760486
9664000,28966579,9700718,7329417,3729609,2611156,2519107,2.997369516,1.003799462,0.758424772,0.385928084,0.270194123,0.260669185
9696000,29061607,9732496,7348068,3737601,2618433,2527821,2.99727795,1.003764026,0.757845297,0.385478651,0.270052908,0.260707611
9728000,29158248,9764258,7371636,3757334,2629850,2531716,2.997352796,1.003727179,0.757775082,0.386239104,0.270338199,0.260250411
9760000,29253724,9795360,7395494,3763682,2635605,2538144,2.997307787,1.003622951,0.757735041,0.385623156,0.270041496,0.260055738
9792000,29357016,9829747,7419513,3777098,2646948,2545675,2.998061275,1.003854882,0.757711703,0.385733047,0.270317402,0.25997498
9824000,29446759,9859802,7442623,3786633,2654522,2561157,2.99743068,1.00364434,0.757595989,0.38544717,0.270207858,0.260704092
9856000,29541492,9891494,7467091,3801316,2659497,2565813,2.997310471,1.003601258,0.757618811,0.385685471,0.269835329,0.260330053
9888000,29641413,9924122,7492572,3814344,2670134,2573469,2.997715716,1.003653115,0.757743932,0.385754854,0.270037824,0.260261833
9920000,29736254,9954127,7515352,3822201,2676684,2567524,2.99760625,1.003440222,0.757595968,0.38530252,0.269827016,0.258822984
9952000,29830036,9995498,7543478,3838495,2689224,2573431,2.997391077,1.00437078,0.757986133,0.385700864,0.270219453,0.258584305
9984000,29929632,10020309,7564000,3847473,2674632,2581600,2.997759615,1.003636719,0.757612179,0.385363882,0.267891827,0.258573718
10016000,30022228,10053367,7572813,3844020,2671821,2590257,2.997426917,1.003730731,0.756071585,0.383787939,0.266755292,0.258611921
,,,,,,,,,,,,
Wakeup delay calculated 0.072973,,,,,,,,,,,,
